shape_id,distance_km,pack_used_kwh_heavy_duty,pack_used_kwh_medium_duty,kwh_per_km_heavy_duty,kwh_per_km_medium_duty
50001_VTC,11.162787602179169,20.013842571848603,13.68635102053411,1.7976519003575815,1.2260692855843909
50030_VTC,11.89677527676337,23.467242765294802,14.9617456763306,1.9706880141265644,1.2576303517772325
50042_61337,12.143542058843913,22.501924775001147,14.960898984046093,1.842617971612511,1.2320045429537876
50077_VTC,10.052070559132348,18.128563705471404,11.970714474765854,1.8019835210286603,1.190870518103398
50080_50405,1.1351370143991462,3.4790447032697456,2.137821114162461,3.0581085359798568,1.8833154826636134
50081_VTC,10.512863823022998,19.80697189398997,13.018017851235102,1.885659417612521,1.23829415755637
50094_50407,2.135120148051013,5.27141620488762,3.548473878415332,2.497580641821396,1.6619551277498184
50357_VTC,10.431822696076162,18.68428094280667,12.523844435506307,1.7994100457966486,1.2005423021824402
50388_VTC,3.8067561448896656,3.017171633174582,0.9070081138953822,0.7929493707899652,0.23826273062249717
50405_51695,7.835617662169651,18.846060590584216,12.895366078452536,2.3985826895994298,1.6457370222020073
50405_54444,1.905250156992297,5.504366545489827,3.4782526172099812,2.915625788187936,1.8256146598097585
50405_54475,11.36163003512805,23.94675417038572,19.863224895445555,2.107384382002781,1.7482724603804343
50405_54592,10.375876415349678,16.295873458608067,11.715327790106551,1.5706672094370353,1.1290928420056487
50405_58202,1.1996154953992093,2.853306636308119,1.7234635542484722,2.363182725395875,1.4366799702557496
50405_59832,0.8403709165602672,2.104518300809284,1.3773192817098627,2.4709951534858527,1.638942108262606
50405_60687,11.014732149037966,19.29212668621927,13.052042964892987,1.7450787124525031,1.1849623566228036
50405_BTC,8.596281153543252,18.652039731935655,12.093120170411279,2.1734308231715502,1.4067850916470646
50408_VTC,10.56802819808255,20.15794163263847,13.390925945511484,1.9082722226983997,1.2671167879681773
50410_VTC,10.734021760237786,20.721381768086847,13.543056739418821,1.9296380579495054,1.2616945485974875
50445_VTC,15.235271504413635,30.813388136194167,20.076736084308507,2.0099865442265146,1.3177800000802287
50640_61337,9.011938694136958,15.118827574166625,9.570468179373627,1.6824564373151856,1.0619766183718093
50640_VTC,7.156334551691055,11.74721030492918,7.347384235142278,1.6510564313198735,1.0266965835751876
50688_VTC,13.147568045278282,21.715547342339008,13.824924879123499,1.6514459526222554,1.0515195533890753
50757_RTC,11.501573450524699,13.12073473315714,9.848440552889812,1.138295375722295,0.8562689787839879
50806_VTC,3.4513120358067337,2.2984290291212144,,0.6659580487870792,
50853_VTC,3.727755231269368,2.712006649569879,0.7986179220961778,0.732335501115264,0.21423561166172223
50856_RTC,13.327206202293121,13.60665415346315,,1.0209682319706246,
50955_VTC,16.919621341703586,28.796250157038546,19.11935787133403,1.7056335550895674,1.1300109786859427
51056_VTC,12.149934393279002,19.48117261777802,12.176879767169726,1.599937578412256,1.002217738221338
51151_BTC,5.398099995768595,6.132050545873446,3.410949478019421,1.1309331566115934,0.6318796392606953
51151_HTC,12.484643992582232,13.549729646596097,9.16182540082642,1.081983810334952,0.7338475495392525
51164_VTC,13.609027653776392,20.100643875382914,12.225172157476896,1.4830830420069439,0.8983134187463064
51188_VTC,10.95217836629936,17.046628458042168,10.920392460270625,1.5555485660687534,0.9970977548971862
51317_61337,3.1794620438619794,4.702224350358771,2.868384976898692,1.4753711329025907,0.9021604715917813
51317_VTC,4.699094196417358,7.188319229416492,4.524222013827997,1.5304372824359698,0.9627859805996899
51470_BTC,1.2177129924878645,0.4846262225012005,,0.39798066169194646,
51695_BTC,1.3018217684766122,0.6443100370790534,,0.494929530816667,
51695_HTC,17.215491024923775,23.278005099180675,,1.3521545836525881,
51722_BTC,4.036701096624584,4.0403812644710815,1.7237269831619608,1.0043072614178372,0.42701377731517204
51722_HTC,12.659125525337286,13.71891463269866,9.378051116328919,1.0837573697920382,0.7408135022880306
51740_BTC,0.692622879623341,1.2556413982897792,0.8953580436377708,1.8445705820620475,1.2927064207360293
51818_BTC,4.670913739140405,5.046066412875656,,1.0803167634186048,
51818_HTC,14.827087225623348,18.207408560559514,12.690826758038964,1.2257999281834984,0.8559217710749946
51818_VTC,10.334396615024259,14.546997767987467,8.684912238944205,1.4086086596473397,0.8403889034332188
51843_61337,12.5268370656419,23.287848736899026,15.604825145724561,1.8629165932282912,1.245711512327788
51843_61917,1.2629785944945169,3.175708248663814,1.8089974492775123,2.5328050492699994,1.432326293702174
51861_BTC,10.708954650105444,4.786219059794818,0.11209025517011527,0.4476868841809747,0.010466965155092108
52242_51417,0.7724200928958154,1.3856114485530768,0.9087799463872019,1.792680585526608,1.176535870500431
52453_52230,2.5893152074476005,2.5635017218974436,1.1013436098076113,1.0047497221595716,0.4253416527427161
52453_52804,5.009771794311323,11.985753419009718,8.750325614840394,2.3769463335076244,1.7466515390534416
52453_HTC,5.374822615896358,4.34226675223271,2.280552210387237,0.8078810604033828,0.42430278603843935
52515_HTC,10.43272319704229,11.834839356193708,6.799540107641011,1.1384850404047078,0.6517512234551285
52605_52230,2.5005699333776934,2.5179477960595684,1.1452967743061166,1.0125956798250038,0.4580142946688497
52605_56919,2.302969922372475,2.254750728419498,1.0133989410693527,0.9843454944579156,0.440040024502521
52605_60214,4.933311391480646,12.38871071016907,8.367328648606128,2.4714329654361644,1.6960876751173053
52605_61657,4.77305916535781,4.749439797282859,1.97649121119246,1.0011622076847093,0.4140931722651909
52605_HTC,5.291726290454873,4.265421971896771,2.017079958998795,0.8083035196944017,0.3811761697949438
52667_52230,2.4727133264353656,2.44681243428893,1.1997260559361513,0.9943104615063525,0.4851860679157912
52667_52804,4.713078309926042,10.109010828340857,7.529712873269226,2.1348166957015353,1.5976209980239822
52667_61987,4.681997562989167,3.0682498560412723,,0.6553292296210389,
52667_HTC,5.284790611891343,4.230395304294065,2.2010433800769693,0.802533646454693,0.41648639307002755
52692_50405,12.266485837390992,20.226089181926653,12.099975690667378,1.648166199265699,0.9864256031490247
52692_52751,5.136874099927265,5.772904791298368,,1.1238166789760544,
52692_54444,11.790941536835508,19.025669388561376,11.307609773198836,1.6129422632462258,0.9590082130314429
52692_58249,3.6448555454310974,5.918889710988001,3.490865248962931,1.635153042960617,0.9577513307321064
52692_BTC,6.8228609018868935,7.785581909208327,,1.141102247453878,
52692_HTC,9.521234286542748,10.65060917041962,5.521205692473072,1.12090093994229,0.5798833981300837
52692_PCT,23.09779798202972,23.111154049180406,,1.0005782398461134,
52692_RTC,18.465425900623767,20.415595811972675,13.896772349095412,1.1046345143404293,0.7525833643851115
52692_XHT,10.446510645096675,10.712907293938281,6.775286917013859,1.023810958108892,0.64856937854115
52751_BTC,4.40204642595688,6.716497876918416,4.375572839259317,1.530878321331131,0.9939860728088964
52751_HTC,15.245111886064992,21.614295241440832,,1.4177852811429794,
52751_XNE,23.210023320059204,24.62650749245128,,1.061028985316352,
52771_52230,2.5552646709350357,2.5434744647999112,1.1576161719924678,1.0051353879913394,0.4530318072956673
52807_BTC,10.588848286643278,4.680254438857997,-0.14423343199322414,0.43983281864358853,-0.013621257769379837
52880_58729,5.03288580466921,6.37730722464882,4.321677160907177,1.264827415359612,0.8586877049540412
52992_61651,5.1483400112168685,5.938324287504458,2.937995497243344,1.1534572419477567,0.570668504963198
52992_HTC,5.221032909756561,4.2083906439829475,,0.8060456075882445,
53096_61917,16.462850819270383,18.308162801321313,8.80933157855368,1.1095744413475928,0.5351036509571008
53096_BTC,10.662708721396783,4.679803029602774,-0.11798630882516555,0.43865165670106726,-0.011065322321747686
53104_54909,3.6234072016481895,9.216978348552644,7.993195710840399,2.546356327539228,2.205988801701479
53104_54990,5.504614722849914,13.89342141786032,10.643595704453851,2.5434763317039146,1.9335768696529814
53104_55192,8.142036631193319,17.746887437583357,13.694169965243427,2.177946116882196,1.6819096481068487
53104_55203,4.3462648704999625,11.012673107356138,9.221193462278816,2.5243299789179874,2.121636333042463
53104_55210,4.037973819325074,10.154260662732609,8.34437127033077,2.541411429434128,2.066474832104159
53104_55441,4.018593487823761,10.125606856704374,8.160877756205476,2.5485918488156556,2.030779620016987
53104_55713,4.345102158896521,11.041072852048012,8.817515759735285,2.5585483268812417,2.029299988190514
53104_55738,4.410899864226778,11.148290549783063,8.76534376749968,2.5340875717047746,1.9872008064812932
53104_55836,4.363937746977074,10.901956195732,8.90655747227435,2.521984033305791,2.0409451254074322
53104_61707,10.10394557453998,20.342038563757768,15.65930123400226,2.0031718729335264,1.5498204259394193
53104_RTC,26.20248177545877,29.270167103870097,23.625202134264583,1.1165967151061367,0.9016398651364366
53104_STC,8.614546029597834,15.640725487657589,12.404361663238971,1.8185812309662082,1.4399321357875503
53104_XHT,11.884068741215462,16.98461406705521,12.532336172699571,1.43517352941438,1.0545492832127297
53161_53740,3.498565436974512,3.498308478173252,2.6927529226176947,0.999926553095579,0.7696734479107907
53161_PCT,3.8610766529840688,3.8761882828872447,2.990077171776136,1.003913838356847,0.7744153873415662
53161_XNE,3.5610731590611935,3.565977977412664,2.746533532968222,1.0013773427650567,0.7712656860136766
53348_53161,3.5727688448108563,4.2784617536315634,3.456239531409341,1.1975198898875494,0.9673840322553293
53348_PCT,0.6605452254867554,0.8468881284017533,0.6718881284017533,1.2821046852283005,1.0171720307366376
53740_53161,3.6102946190227403,4.286182186396698,3.4556266308411434,1.1872111942922021,0.9571591782657717
53740_PCT,0.6605831044169833,0.8444937139751213,0.6694937139751213,1.2784064689641943,1.0134890061501076
53783_53887,3.1726569380386174,3.9091646407444873,3.1758313074111526,1.2321422445255583,1.0010005397477666
53783_60390,3.2602322247830307,3.9379656489405206,3.185187871162742,1.2078788802238138,0.976981899310782
53783_XNE,0.6228939743614197,0.8284243636116131,0.6617576969449463,1.3299604711394097,1.0623921954348154
53864_53740,3.5485469170336654,3.4910161668589104,2.67434950019224,0.9837875188014009,0.7536463692659324
53864_53783,3.548529067717781,3.413887057623309,2.5972203909566436,0.9620569516199381,0.7319146444605661
53864_58086,9.940218107665961,11.030365054714782,9.037526882984245,1.1083413681376546,0.9091879861282365
53864_58430,10.610296854911839,13.42103704268423,11.034925931573119,1.2649068377828854,1.040020470913093
53864_58434,9.672738909993909,11.915697070668246,9.737919292890469,1.23188449326973,1.0067385653125833
53864_60213,24.714717901255856,34.78071994487577,28.9627509029688,1.4062439629678434,1.171882722622421
53864_61891,4.048625643783092,4.260176938580875,3.3323991608031003,1.052252619385206,0.8230939222351168
53864_PCT,3.9485496577230887,3.874274178223217,2.9687186226676587,0.981189174269445,0.7518503957170835
53864_XNE,3.923550063676442,3.85057856060508,2.9505785606050803,0.9814016638281439,0.7520175638692708
53989_BTC,10.925921789617357,8.126798770444005,4.608342675005305,0.7443677381327962,0.42178067569406397
54020_BTC,8.406801170628285,8.105596592305432,4.931220946529502,0.9665008437085336,0.5865751843588524
54053_BTC,13.255690940131721,18.453501283734052,13.625915865239977,1.383920700571397,1.0279295079208128
54179_BTC,8.660794314870964,7.366004313384961,4.962337203535058,0.8483358353705575,0.5729655991269192
54272_BTC,10.996672027587774,7.132432418410109,4.11077276579054,0.648750822029802,0.3738197115888958
54275_50405,12.379919081292892,10.323407078174924,6.0120882161295714,0.8315548185690551,0.48563227082916455
54275_54444,13.456992588166344,14.080739333838196,8.18254904923367,1.0470773193651985,0.6080518359227711
54275_58736,4.833531401318927,0.7624363738539769,-1.8772193920877907,0.15902015170475792,-0.38837430363554754
54275_BTC,10.482653679684955,7.37245472553366,4.490451554528155,0.7043636884824394,0.4283697326785207
54290_50405,12.588086629651627,7.681653483366118,2.8981039312171415,0.6103981954601739,0.23022592841000697
54290_54444,13.627420504212859,11.4547783908374,5.567551961189159,0.841607923904455,0.40855508637661647
54290_BTC,17.797697728974462,13.323223533115673,8.6587891111963,0.7487412489116465,0.4865117524217688
54389_54421,5.217893894755329,7.271089795331328,4.78608452208045,1.4049757831654215,0.9172445087262306
54413_50980,3.7638217515798176,6.7375002097223815,4.540102953693003,1.7792238256412556,1.2062481311149633
54421_BTC,8.83643506401813,14.191849663082452,10.401507712481706,1.6039552091529843,1.177115843337834
54440_BTC,13.686150639903339,18.2723718952785,15.088869733356532,1.332956351380432,1.102491864247309
54442_XWV,3.039791414080692,4.525695213705209,3.281213400522828,1.494428325965443,1.0794205764658191
54592_60160,20.817093953944934,38.21105188930547,27.753297285365758,1.8409599490915765,1.333197484085255
54592_BTC,18.83774840610999,23.876377325329063,19.364060556226033,1.2662062077415053,1.0279392281269313
54604_54441,0.2694583274508494,0.6672034355806481,0.5060923244695372,2.4760913566582925,1.87818401924079
54604_XWV,0.28406641883931916,0.6752717700610075,0.5113828811721184,2.377161555456408,1.8002229311778655
54622_XWV,6.266034519150977,10.37976092439167,6.960276150640322,1.6557953461755677,1.1107944154101808
54778_60477,0.607113949734559,1.121812660260832,0.8523682158163878,1.847779417276293,1.4039674367374664
54793_55714,9.451266296784336,17.035846175167038,12.08578144927298,1.8094406158829401,1.2787473201749697
54793_STC,3.731178906689683,6.174733631444599,4.107622674009289,1.6491376652837275,1.1008913742100854
54793_XHT,12.034796467215209,12.51843304638823,9.04762045002402,1.0398737420450563,0.7517884057841149
54909_55738,4.320295196897668,6.84870993582457,4.767515914908877,1.5854923853523781,1.1035162408189956
54909_STC,6.0505647946215335,8.456845864836028,6.007382748001645,1.4006494821508706,0.992863137891148
54910_STC,6.149822596373655,8.621333893276699,6.258725136583307,1.4045533179554799,1.0177082409294
54990_54993,1.0044848637881685,2.5461233622890664,1.7310295500895578,2.4814201323766194,1.7233007808215288
54990_55210,0.9680288814163803,2.382591740757579,1.6651180047476264,2.40798668881503,1.720111906487019
54990_55441,0.8358875311819804,1.9870965125053974,1.3109087568221336,2.371147216300111,1.568283660085769
54990_55713,0.8999647724925743,2.418110237428829,1.566425834405291,2.615148639701708,1.7405412770400586
54990_55836,0.9231140840209641,2.289673351337904,1.6614579055779373,2.455528444469569,1.7998402736321
54990_57097,17.66312280752549,24.847702338435603,17.363881672334127,1.3989000240724674,0.983058424127365
54990_61035,1.3530032573410353,3.068358899920339,2.154053326547552,2.2439257739026766,1.5920533190590875
54990_61677,1.0603178838957414,2.544461716222321,1.721274269542838,2.3504241530185506,1.6233568212757665
54990_61707,6.52943840605267,10.813302167949267,7.700679471751756,1.647036099257669,1.179378530412871
54990_61719,15.689964734184267,18.76176627184106,14.342791862767083,1.1937384284419201,0.914137928654355
54990_61787,0.8459099448394728,1.9963354662467974,1.3638731673626032,2.3610415627017836,1.6123148518148982
54990_RTC,31.08471042250815,36.98681975562812,28.29296548844203,1.189085376238939,0.9101891284776247
54990_STC,5.871611990457739,9.94955967776735,7.1439715885463855,1.6894174622848424,1.2166968117369514
55299_STC,18.94219716689008,32.010447088396994,24.697017949464463,1.690170707008184,1.3038095703403139
55375_STC,16.519876759760425,26.823095632102007,20.267318958174727,1.618086271478474,1.2268444403618328
55383_56138,0.6972526778832507,1.0745991205944891,0.4466424760758499,1.5174930679705596,0.6405747733114286
55383_RTC,28.86070190153066,28.854218364972212,22.700270749470704,1.001192066769488,0.7865460385170594
55383_STC,14.577760748046265,21.576368641525416,15.603417202218553,1.4814048554151402,1.0703576133467376
55395_61707,8.542749612246556,15.177948300814716,12.266477873351386,1.778542473836737,1.4358934102161482
55456_54993,7.14171347663943,12.933952582281467,9.262353912233165,1.799578737405156,1.2969372045700736
55456_61331,25.75730746847247,29.22800593951957,22.70946534892625,1.1358068231318443,0.8816707793205153
55456_61677,7.08897562045442,12.940996820895034,8.97154045535608,1.8055830914822313,1.2655623232036144
55456_HTC,15.055021587480814,17.96839436039574,12.651833397929703,1.1972510283110636,0.8403729828225879
55456_RTC,26.37867327918307,29.445556467908258,21.790332851081036,1.116663439870038,0.8260587111587998
55456_STC,2.5618990939127295,4.436707689805291,3.06757243412399,1.7387706897014916,1.1973822237623564
55538_54793,3.81140981194517,7.062774975018929,4.989793218193951,1.8477324803278647,1.3091725803285865
55538_55210,6.725225798234993,12.534527837851149,8.973980437480547,1.845304771632751,1.3343760799578999
55538_55713,6.698910535351605,12.56947982445015,9.20999284557601,1.864055888568919,1.3748493575146106
55538_STC,2.530704902315898,4.4700918799818625,3.260903660990044,1.7591440152708087,1.288535719042519
55714_54990,1.9177242780636963,4.45833895841678,2.681241113047403,2.2872835735690935,1.3981369186996062
55714_55131,5.847035994504727,11.089512362666708,7.965051124706004,1.907345564615449,1.3622374023679467
55714_59236,3.5065815876877258,7.167878500245844,5.004801400967301,2.0293297921028897,1.427259362377339
55714_60419,3.8476032732119725,7.145301976027547,5.257195169734031,1.866274458052884,1.3663558315214066
55714_61629,20.17102285454309,33.15264463090467,24.37381445874875,1.6403971754564544,1.208357882221083
55714_STC,6.011976279015749,9.238363927970894,6.371276794324037,1.5368506118556804,1.0597641272408864
55714_XHT,14.008171123508557,17.925275881689124,12.448377502568986,1.2807536698841864,0.8886511588709878
55760_55836,4.009615821905445,6.68069411077155,4.760924867210147,1.6700061275703397,1.1873768158036813
55760_STC,9.2800463579616,14.211313600361576,10.14022549145414,1.536982966229964,1.0926912539348006
55797_55714,3.646577600725319,5.769741644637117,4.03150753899171,1.5719243108762413,1.1055592340033644
55797_XHT,13.826847980992834,15.320400917721397,,1.1080183233938556,
56081_61326,35.97872700077116,36.66382169190697,28.977556123163833,1.0199321633572918,0.805408043551478
56081_61327,36.57702893668158,38.166845136639154,30.081671636445524,1.044136786007047,0.8224197675683239
56081_61329,36.36178840740476,37.84187173105327,29.968363868549616,1.0411535919511128,0.8241718898085558
56081_RTC,28.911190495697983,29.068015099335778,22.8883092208016,1.0057754432149983,0.7916764695043397
56082_RTC,30.6966387842945,34.46014668775586,28.34998977340475,1.122147276460135,0.9235535516647386
56138_61760,2.2539338196561434,4.78755949709488,,2.124090536884203,
56138_RTC,30.112223643749363,30.327598403919893,,1.0071524030479642,
56138_STC,16.67616707658777,25.825731339853846,,1.54866110547138,
56220_XHT,7.125230928271369,5.082852082060507,3.2604338956289634,0.716097412794473,0.45758992634081086
56258_XHT,27.035933599106624,29.585104091883405,22.70952846587538,1.0931211656559439,0.8399757449702345
56280_61327,36.921338672512285,37.91472641600594,29.89502933442296,1.026701745819115,0.8096951629947164
56280_61329,37.15747874909235,38.2819092213804,30.57188653485434,1.0299534947860929,0.822765364175876
56280_RTC,29.77771940319057,29.604299755451386,23.402801260304045,0.9937225897952603,0.7859165083608292
56372_STC,15.580204909678315,22.69191848271069,17.0945882035941,1.4556738057467509,1.0971991897856914
56394_55164,17.00671500294499,18.5134237965772,13.683401172196033,1.0878901075371903,0.8045881388514201
56394_55714,9.337910962962477,16.45389183814469,11.44710858513668,1.7762570595182794,1.2258746769529119
56394_61693,22.799077771658947,23.516498093435786,18.329457800227882,1.0317216458262564,0.8039561066374731
56394_61704,3.9193139035460254,6.122244373387699,4.20341521820919,1.557017249130703,1.0724875122674207
56394_RTC,23.113960664180222,23.386254367155082,17.8669399992627,1.010301990861057,0.7729934414464569
56394_STC,3.8538843758555403,6.275945862607261,4.354526463573231,1.6240214177608028,1.1299058401581006
56394_XHT,12.704995995044705,13.01182763508129,9.205990323884244,1.0258705660563263,0.7245960823187061
56395_54990,2.3371068986714043,5.356607461937052,3.519949602534987,2.2584545812528685,1.5061140782802889
56395_55096,4.543216690951935,4.10727395010979,2.0320328955511955,0.907352241876193,0.44726743930090335
56395_55471,14.772826049311163,19.98943714864965,14.091192792003644,1.3519909881235261,0.9538589803310313
56395_57027,21.477022134692028,27.067595067022154,20.27557023472975,1.2587722567016393,0.9440587297239144
56395_60419,3.6771982526633273,6.838889241707707,5.152925399369411,1.872412295012717,1.4013183530796147
56395_STC,5.7614739959278065,8.80622502587452,6.226230017289342,1.5291463383408823,1.0806661666250725
56397_55713,4.208393279752434,11.00114787966554,8.780986477422518,2.6359541719406767,2.0865413219980895
56397_61035,3.7501362648956977,9.973199289813037,8.043933326600087,2.660922172537236,2.144970944628811
56397_HTC,10.043118406348542,14.387303612937623,10.471670860099557,1.4418086414189446,1.0426712537293312
56397_STC,8.43779349728142,15.526168880054302,12.440053657797861,1.8427172849600333,1.4743254456044619
56451_RTC,7.383875708538801,10.819800821067934,7.86566192822229,1.462538763417387,1.0652484194887444
56517_60483,8.541201383699116,14.213085754106274,9.800096220301878,1.6541619730364716,1.1473908388350804
56517_61326,12.55226079143008,20.14870266006287,14.161010409597283,1.6031000296535989,1.1281641327326117
56517_RTC,8.428210339556903,11.545446275272047,8.495446297943795,1.3676572588909375,1.0079774893694011
56596_RTC,2.9331189333362393,3.682995063841782,2.8524395082862246,1.2556582762406452,0.9724936400863068
56596_XHT,18.06554461098772,20.594911783694204,16.803237527910362,1.1409102822991428,0.9301262646513516
56599_56958,11.154434588078319,13.09765933288688,10.755992666220218,1.1742109588311582,0.9642795052755118
56599_RTC,0.48995024118954483,0.8500958613085086,0.6723180835307311,1.7350657063553436,1.372217068203533
56600_59982,7.075555577694935,11.164800985488029,7.825802812396262,1.5691565030557504,1.1060336854771398
56600_60483,7.011852949216516,10.942823544764769,7.760176201268993,1.5539009729067146,1.1067226106240708
56600_RTC,0.8091527688460349,1.3253714548386284,1.0059270103941844,1.6379743181609494,1.243185525804697
56621_60483,3.59119000016847,7.577849484231645,4.879968598719572,2.109132516824064,1.358872295392514
56647_RTC,2.8822257781841842,3.844674625491787,2.907570900445545,1.339459314388771,1.0087935936362793
56664_61693,15.557861958524255,17.53541148127095,14.467883130580043,1.12620207506099,0.9299403201513171
56664_XHT,24.816257838759586,28.27753392382861,23.210361334706565,1.1387010371102972,0.935288530829784
56673_RTC,8.298974009805512,9.946047262783988,7.743289466784134,1.1999439600226964,0.9330417781324754
56705_RTC,0.7211506393634993,1.223896912861872,0.8679643401811723,1.6989219668186653,1.2035825704144885
56713_RTC,1.2084532054060697,1.7011283829005261,1.326128382900526,1.4076907366296452,1.0973766935848497
56879_59227,7.863403824062528,10.903557189342456,7.672926344681922,1.382199303785853,0.9757767140487261
56958_56517,18.20536195954062,21.95743029637615,16.80373489963294,1.2034031533999328,0.9230102063874016
56958_RTC,11.337475481659542,12.661063857361134,10.187447116515898,1.1166917744334823,0.8985639821665743
56996_STC,22.171126325009244,35.65833488678842,26.60966859801279,1.6125331930507245,1.2001947130668245
57027_STC,18.99209649149872,32.28575544935293,24.906547492631884,1.6991904446161488,1.3114164359780185
57097_60866,5.076125963636814,7.217254845730248,5.288136569815412,1.4330993253493682,1.041766222449433
57097_STC,19.00947431002724,32.28804989583186,24.723574875814748,1.696979991638127,1.3005922453506984
57136_STC,18.995190130847572,32.33272994077438,25.186636899202714,1.705294451258507,1.3259481334856678
57143_54990,17.15396601732631,31.61271834902461,23.879864552903026,1.8403638593838187,1.3920899999908616
57143_STC,18.944718470647153,32.24998973684224,24.810687730582742,1.696257648114029,1.3096361272944905
57188_STC,19.037822699695376,32.21526756736467,25.11837041108738,1.687720313715423,1.319393021319045
57210_55612,17.517580540342163,25.117729841878525,19.70868218801282,1.4378456178423575,1.1250801526286494
57210_55713,17.46714311791094,24.816633317876732,19.234531621017005,1.420590734782995,1.101183604621283
57210_55738,17.578558314588953,25.44440056633635,19.486136945428424,1.4478753109372602,1.1085173537386348
57210_55836,17.47573501193295,25.203544177726354,19.487906049966924,1.4405428362569879,1.1151408531120437
57210_STC,22.806882842731532,31.131144554981315,23.923061040405603,1.362359004424522,1.048940410023187
57359_61326,24.87443451779133,29.08930446296134,22.785008954803654,1.166398802224064,0.9160010828992626
57359_61327,25.240971971457213,30.107525283691043,23.342956310180455,1.1887382984043666,0.924804176977691
57359_61329,27.698029715673716,31.33560618703478,24.75450325185439,1.1314251479591686,0.8937279476542099
57359_RTC,17.839451936276024,21.557827576981026,16.319108525806097,1.204973632874667,0.9147763386509452
57377_61326,21.300431709763714,24.798296000834604,20.148016988460387,1.1631311801137154,0.9458971190346775
57377_61327,21.320654960141123,24.811897895116466,20.345330269559458,1.1629552049960439,0.9542544686171681
57377_RTC,13.877108496154499,16.395165128286003,13.06255231086237,1.1786382384642522,0.9413021678458556
57518_61327,15.483076091505422,18.2160690327769,14.606951553388988,1.1751566892687826,0.9434140520308424
57518_61329,15.392491549838807,18.164822057607243,14.496278418935482,1.1770495650440227,0.9417759543345203
57518_RTC,8.252971755564904,9.89167303582539,7.731733735700708,1.1985482136675734,0.9368423841372376
57518_XHT,24.814659622252716,28.36042935464399,23.165715431490163,1.1417613104285091,0.9335495946402645
57603_57752,4.737654601043945,8.999288801960212,7.173846240058705,1.8951512226005294,1.5142189214211486
57603_59709,2.006290482815278,2.184566313633939,1.250139306026295,1.0888733670344273,0.6231098221988611
57603_XNE,14.380212370072547,16.476658307705467,12.003472931602511,1.145824538582655,0.8347215341953921
57752_61063,4.765033080206137,4.69890274646238,2.8877699049314125,0.9858688264333884,0.6060335482091735
57752_PCT,19.200892558127315,21.182956427673993,14.983005035127816,1.1013103596830451,0.7803285701312797
58042_58065,7.466122355396456,15.468804126217261,9.603500829568977,2.051847083468038,1.286276914900496
58042_PCT,25.972170853433195,25.37739807153397,21.127398071533968,0.9770996123021191,0.8134629250192689
58043_50405,7.716263373061875,14.518158855162458,9.334047627833892,1.8776028626043697,1.2096590249135142
58043_60277,7.06722309491065,14.430590232897151,9.061313755526673,2.0262231633646315,1.2821604233849693
58043_61337,15.699414441458867,24.06387251535395,,1.5327879014268393,
58043_BTC,1.2668416338308284,0.518733222788551,,0.4094696676647286,
58051_61337,9.227648604334878,19.86590344647163,13.08143143794776,2.1452498014871098,1.4176343290535023
58051_VTC,10.742671084271437,22.315310748807843,14.587336928234588,2.0767641477317467,1.357887327444308
58065_RTC,21.10930532670957,31.453374155954148,22.00857979526244,1.4903464891692964,1.0426008556243211
58079_PCT,11.5972472884116,12.328539855496869,9.581241392065436,1.0619206973440116,0.8261651367595971
58079_XNE,11.5972472884116,12.328539855496869,9.581241392065436,1.0619206973440116,0.8261651367595971
58086_52183,7.108652098943596,13.027071514315535,9.779458066432136,1.8387159485866125,1.37571200985985
58086_52230,7.147610065089007,13.140695046798779,9.86175151298693,1.841108836214561,1.3797271288139477
58086_53740,10.614872526945943,10.86667259274075,8.866672592740755,1.0237214403805237,0.835306554104407
58086_PCT,11.371537446572608,12.054462057170195,9.426684279392438,1.0600556093497648,0.8289718363662117
58135_61337,8.85043629981577,14.819707675806539,9.606910027740376,1.682505810424596,1.0854730436216293
58135_VTC,6.994358463215573,11.530240966739848,7.472403665373782,1.651226659098238,1.0683472551017115
58136_61337,7.244839755540488,9.534282491705355,5.498987049055296,1.3208726161235125,0.7590212115940795
58136_VTC,5.351935036952205,6.174121929748126,3.284973433763482,1.1536752423515064,0.6137917241301556
58143_BTC,1.1639124058504982,0.12369635519319541,-0.44708080536400524,0.10635441421061378,-0.38411894496245425
58175_HTC,16.660144562731954,21.68032649310976,15.160992951517763,1.2990607782363937,0.9100156901058511
58194_59982,8.252661889870026,13.409569780234593,9.51173504473658,1.62221493056431,1.152565702032703
58194_60483,8.180542042288595,14.110039809556412,9.699455031947599,1.7182202873030434,1.185673880997997
58194_RTC,8.02759541151428,11.44703699516589,8.300492297267299,1.4257206052136933,1.0339948479916654
58223_55713,6.248056853178238,11.455011824832855,7.770397482420089,1.8252177324931673,1.2436502523928654
58223_STC,7.158443542142888,10.161964175645654,7.265770427222678,1.418135540217951,1.0149930476433795
58253_XHT,16.084265890563437,20.567703364748667,15.864928723812566,1.2772825085378736,0.9863632466509054
58261_STC,7.717748931325702,11.722470308099874,8.455903124370769,1.514849646581807,1.095643716790133
58265_54053,17.388154024749152,26.4763708708778,19.032777996345594,1.5202345273107054,1.0945830114718096
58265_58202,1.3171069865527707,3.319415401052308,1.8616418411160476,2.483156558950559,1.4134325154469596
58265_59832,1.2508453520365708,3.50892053412523,2.1202933370662826,2.7909931259766143,1.6950883125672693
58265_60208,8.18544479219574,18.1703656675948,13.136080514477388,2.2207320998247924,1.604809616088516
58265_60255,10.015430502561916,16.250735871402245,10.927845017042634,1.614389249458774,1.0911008782146034
58265_60689,9.9708044669928,16.224331058822543,10.938871851290111,1.6218347605674788,1.0970901984390515
58279_RTC,7.519890740032124,11.70355475256734,8.07318099765912,1.5561701196527187,1.0735769011485177
58321_VTC,9.891015675167191,17.667878818362315,11.657485874795299,1.7845349249901985,1.1785934081636413
58322_52453,1.9902325749728231,6.145149398109605,4.773188397185574,3.0711892315731553,2.3983068397173395
58322_52605,1.9520932744586144,5.969462484092696,4.65323668238821,3.0751323397170585,2.383716364003518
58322_52667,1.9584786532809408,5.969462484092696,4.783827769215747,3.0751323397170585,2.4426244121689256
58322_52771,2.019455048185235,6.18167174911017,4.756339885097228,3.062925413315321,2.3552591028809826
58322_52804,6.45944710399442,15.390032844514534,12.038221564096975,2.3815274985816983,1.863661296437079
58322_61651,3.972519336033643,5.1756344501924625,3.2868795813930785,1.3008325930090858,0.8274043002330252
58322_61657,3.5594436226749493,4.14943463786057,2.519120515691017,1.1709505414843842,0.7077287303114745
58322_HTC,3.8908651065383153,3.4259969850296788,2.051929932244654,0.8776090529832785,0.5273711311133699
58322_PCT,18.040181754315608,21.85754154537243,16.06122011792695,1.2102087032458424,0.8903025666071659
58322_RTC,20.93950244872039,21.56006442694125,17.42185371794081,1.0295031860447208,0.8320089629925976
58325_STC,4.1127592884760835,6.7676963428713215,5.231209311766298,1.6421240393703098,1.2719463855869468
58363_52716,5.626464320773424,7.748440717822344,5.358398471563468,1.3745749047934581,0.9523562518258166
58363_58430,3.714546857510732,3.2856159976796566,2.5633937754574356,0.8845267333312039,0.6900959588850817
58363_58431,3.729550395342763,3.3007241069553492,2.575724106955351,0.8850193071736191,0.69062590229958
58363_BTC,8.119864744427751,10.342904475701571,7.274006831293629,1.274478305155498,0.8958285710713849
58363_HTC,14.61857290942787,20.324546744641932,13.923755104442098,1.3930003982073855,0.9524702028514925
58363_XNE,18.530736127194242,18.026304203799885,14.50589697338134,0.9712821031651334,0.7828019822749315
58430_53730,10.248539843284208,11.398930985261078,9.093375429705517,1.1122492725371715,0.887284976080211
58430_61306,10.273525536143081,11.28779255606703,8.97668144495591,1.0987262859624651,0.8737683488861958
58430_61890,6.1734518025572305,6.399703848955347,4.999703848955349,1.0366491962089015,0.809871690726462
58430_61891,6.210942192198639,6.366792984716145,4.958459651382812,1.0250929388319319,0.7983425860267981
58430_61922,6.198450199471332,6.410111254085788,5.004555698530227,1.0341474155317902,0.8073882240688273
58430_BTC,10.580609105903873,13.622524441481056,10.094915939215824,1.285817968034007,0.9540959162344408
58430_HTC,10.82039047189768,14.087776276521003,9.954046116640225,1.3078937255831518,0.919934095030351
58430_PCT,11.486004283209624,12.123516216074856,9.542960660519292,1.055503368895409,0.8308338065369959
58430_XNE,11.461004938944683,12.10782835107244,9.532828351072435,1.0564368845117447,0.8317619966011643
58440_58437,5.733171846711374,7.671376395295788,6.295102215794933,1.3364536004867786,1.0980138715719623
58441_60214,8.074169119417947,18.98343969296279,14.865339036735516,2.3550656269573587,1.8410982996362024
58579_XHT,28.352470935735077,28.812368625762183,22.871758555551505,1.016670192845558,0.8066936602243103
58597_57359,4.019112484134273,8.986624722637611,7.213212844858955,2.2388065886900956,1.7947277846374332
58597_61326,21.654604346064254,25.594049230490285,20.856559421363958,1.1821291034495172,0.9631466402273315
58620_59832,6.140816828752015,13.247983583030441,8.247025220124538,2.1353343371137123,1.3429850539607389
58620_61917,6.0569724047990166,12.794692055933039,7.638884473117406,2.112233960918825,1.2611720778296793
58725_54400,3.9618322075671633,9.092326138173025,6.814521890209202,2.291393232291555,1.7200430339259083
58725_54475,3.7455453105594883,17.498749176473066,14.276940008246664,4.662578456999158,3.8117120003853473
58725_60684,4.53374769722608,6.913614915587972,4.852262197752946,1.52453406067776,1.0702541300923616
58725_BTC,8.752798978158447,14.105737382341541,10.175566796479412,1.6050609013440973,1.162550039349848
58736_54290,8.513664955934495,24.822582177579573,21.66568087931696,2.909765289731657,2.544812485745611
58736_54380,1.1175521170803706,2.287237279383555,1.7484685209184692,2.025300305526714,1.564552108304695
58736_54475,4.396443266441895,16.96341387273978,14.240784112822382,3.8464637752252373,3.239160214240102
58736_BTC,10.474574458796555,18.87973808398338,13.795155381544516,1.7995460167151243,1.3170134439169827
58777_53730,5.004387045649727,5.90683451872459,4.94572340761348,1.1803312703119864,0.9882775577705879
58777_53740,3.685427624725522,4.295027075159663,3.447804852937444,1.1654080645470664,0.9355236906040786
58777_53866,4.7193554654969665,5.6142001419175696,4.705866808584238,1.1896116287409964,0.997141843412444
58895_VTC,12.966087962394719,14.139383182139174,9.321740226971817,1.0889957294792765,0.7189323606324028
58945_53035,4.060548976065007,4.503779218483938,3.573223662928382,1.1091552509356644,0.8799853625681713
58945_53730,3.7354333185089112,4.267552696303727,3.4092193629703935,1.1424518475964187,0.9126703844712897
58945_53887,3.760443314983114,4.272246246332822,3.4083573574439328,1.136101754096513,0.9063711567898579
58945_58430,6.0974764785973745,8.24066159290177,6.857328259568435,1.351487229483729,1.1246174189663873
58945_PCT,8.061119461637736,8.309063605133506,6.489619160689058,1.0307580286678193,0.8050518531046054
58945_XNE,7.66111725932325,7.875796129476247,6.145240573920694,1.0280218749937213,0.8021337314008868
58960_XNE,18.13611813253481,19.618085650848332,15.559752317515036,1.0817136008645083,0.857942819064573
59042_VTC,1.5831060858872539,1.764881371507762,0.5351763742596851,1.1217418820918643,0.3380546503045908
59227_XHT,24.53509958156583,31.09535582837,24.081294550558933,1.2648223597002686,0.9815038439319048
59314_BTC,8.937692909323447,11.879301722475425,8.513415930974174,1.3247677950324024,0.9525294745910677
59342_61331,3.882515349547638,7.1234359812642865,4.93465467907676,1.8308453566806857,1.2709942485228576
59342_RTC,8.92769393738055,11.855184671789038,8.871710119582787,1.3233973129837253,0.993729196118232
59518_54444,18.608666128654338,30.059958494697582,21.70747021873668,1.6191630023126826,1.1665247830585066
59518_60686,8.436335824698777,10.472442007747864,7.776186061967913,1.2466356880771465,0.9217492313667546
59526_53989,1.9940856978486083,5.006388441040309,4.337115016848085,2.5136533462779935,2.17498928031395
59526_59832,14.384459343814408,15.749857181424396,10.41959582428176,1.0948299505438053,0.7243647866933828
59526_60479,0.5768715876589726,0.8238692091532852,0.5960914313755072,1.4281674237011122,1.0333173692858257
59526_BTC,8.552482353800817,7.104139825981619,4.065339975930928,0.8313940345463057,0.475340352397716
59552_HTC,0.36104585681593415,0.476748105054431,0.3684147717210977,1.3204641351070352,1.0204099140484537
59554_61911,4.397624188518134,1.3417602664191062,,0.30511026156403753,
59554_BTC,11.994951567636992,12.556849209303103,8.647528296091119,1.0439325135084883,0.7209306554786435
59554_XNE,11.035708796272298,8.417248467917226,5.936692912361672,0.7627283959105962,0.537953023404079
59555_HTC,0.16186185727203325,0.43479206741039617,0.3014587340770628,2.686192255162762,1.8624445509136593
59558_BTC,8.424531451148512,16.21901810448645,11.038608166794907,1.9210227098781483,1.3102934247209699
59616_XNE,9.265385403694241,10.612671625219118,8.22361669345301,1.1441387968944896,0.8875633700217302
59709_58592,1.692462970357457,4.146602265887535,3.4533973456540488,2.4681083385090936,2.040456663536144
59709_61060,1.716872544020934,3.880295072127659,3.319183961016549,2.2600950115026976,1.9332733653268077
59709_61061,1.729785075027041,4.172706781137627,3.393895188872986,2.4112690865534376,1.962032877882202
59767_VTC,12.13607264055655,21.8280874239758,14.802305929589275,1.7963499219799839,1.219694901967104
59781_XHT,8.419054823039874,7.070339856573829,4.602925076801892,0.8398712308984028,0.5467270582685089
59852_XHT,27.75219067927892,31.48126508250108,25.99843876436271,1.1342949711914363,0.9368067214879132
59863_61668,2.6535823247067136,4.528877438886197,3.4163684470042694,1.6988356001513711,1.2874552318183166
59868_XHT,5.334387200297711,4.343319196823407,2.2042932549053837,0.8145945886138978,0.4132233323412223
59889_XHT,17.380814748812604,23.4906825444984,,1.3515294239070814,
59930_VTC,0.07657423118521033,0.157135210272377,0.11269076582793257,2.0520638319216498,1.4716538982332983
59982_60483,0.7251722804679042,1.7394054671921049,1.2074719824908604,2.3966391241225953,1.6650829258279993
59982_RTC,7.1652339717173295,10.850753924904113,7.775583068294591,1.5189390250205042,1.0851820190361454
60063_52667,4.615211016959901,10.783424142842414,8.859445564869072,2.330008996401627,1.9196187416593795
60063_60212,6.590761582341398,14.901643281982368,12.360313077146166,2.2495822298436536,1.87539981878014
60063_HTC,6.668430665218702,8.114851753268956,6.321270422857597,1.2142906946986496,0.9479397387796459
60101_RTC,54.450756875192866,58.45476925823506,48.22753667039168,1.072087152109754,0.8857092065944007
60195_51967,12.945171500054593,20.514755371912383,13.26956446277576,1.5813397871201795,1.025058993055426
60195_60163,23.122358977363465,36.92658701147574,24.847119017215803,1.6021551256806887,1.0745927369063364
60195_RTC,19.199336063300144,21.950882311836757,14.70578190996749,1.1433304323342257,0.7659526278139295
60212_HTC,9.453322074298681,10.372186392644464,5.62224876130893,1.099446403311057,0.5947378833727116
60253_54444,10.187434485162937,19.75473232671538,13.95840616905859,1.9372543018990982,1.370159110165344
60253_59526,5.056024673908623,14.93191106426923,12.159007971022003,2.9239156178778383,2.4048553468830938
60253_BTC,5.048411774779655,8.76788459025998,6.578627420509963,1.7389355464133063,1.3031083267365005
60256_54444,10.347767191752144,19.98481658328429,14.306386531537617,1.9396638926742398,1.382557827831762
60256_59832,9.405232322957756,19.32549083136023,13.359120147197418,2.048089168619357,1.4203923612379459
60256_BTC,4.57541332126045,7.693474670849704,5.871402874095124,1.6732004922244927,1.2832508151367732
60257_59832,9.433393559570707,19.137802010128006,13.41066240340756,2.0207158198958637,1.4216159135862292
60257_BTC,4.698113291792891,7.7705068550033785,5.9153613947525345,1.6469293379916197,1.259092965060261
60275_RTC,9.449359445657207,13.018149176153928,9.61878784498666,1.3776987890608186,1.0179301465145683
60277_59832,0.7647243742170333,1.6807982832326993,0.9907623462039971,2.171205106841846,1.2955809695727218
60302_VTC,10.82079024193641,20.655512320414292,13.406633821612958,1.9148917553103464,1.2389699385960748
60314_61337,9.342773599692697,14.83308099197818,9.4423508317978,1.586129132223641,1.010658208833015
60348_BTC,8.263539657346135,15.863040402023888,10.295689291111337,1.9155092705257777,1.2459175750380358
60351_VTC,9.840628821963637,20.197964110075286,13.127791124694708,2.0419795674160786,1.3340398629195667
60358_59832,12.069688789345363,20.91358895963226,13.160124391912372,1.7353808629787026,1.090344964281896
60358_61917,11.967123644826247,20.600350508511312,13.037703600031376,1.7274903281881766,1.089460089740777
60358_BTC,17.438900202395633,31.01490806043913,19.61100407355175,1.775870615343101,1.1245550949857337
60358_HTC,30.581634886380726,34.598713240811236,25.372269110048723,1.1317918066581945,0.8296570541213298
60358_RTC,23.425833209682462,25.84167512945109,18.686484356556658,1.1014053544045856,0.7976870743207154
60358_VTC,12.932380332586574,14.164979512450643,9.260958716216738,1.0946072079780311,0.716106275724144
60358_XHT,30.76958154595153,37.26216273941297,26.989849008691323,1.211474629537738,0.877160092943886
60376_61510,1.0420480422255198,1.95379145453679,1.358186368017846,1.8747212054638132,1.3033817184830983
60400_VTC,7.273285157062044,8.771848073807881,5.150165552801744,1.2059930672751014,0.7080934463020685
60402_VTC,9.135220303203416,12.421208987966201,7.265931215758051,1.366986423152188,0.7953755875170445
60403_VTC,10.378863983837514,14.637063354434446,8.825680451490332,1.4102671003643645,0.8503512971394676
60419_54993,4.056067035430576,7.024148855140389,5.025263775116486,1.722471939186162,1.2389498820457794
60419_55070,3.9480802098476833,6.878455608033259,4.7838183711701925,1.7322695839601991,1.2116821637103345
60419_55612,3.928959573072477,6.670117598128989,4.643205641073134,1.686590994985211,1.1817901290957065
60419_55836,3.934173128811401,6.6833707529464,4.704278433353091,1.7011888227933603,1.1957476906397242
60419_STC,10.194735117342793,16.078344663600824,11.369849565620298,1.5815950132845387,1.1152667955323778
60419_XHT,16.07263818335182,20.34440403238176,14.221263763261538,1.2677610856043293,0.8848120390087576
60473_58736,2.5968943814190624,5.376854758183772,3.6267419657500883,2.060807483640423,1.396568913891781
60473_BTC,9.773473516644149,15.54643902379496,11.206828270401164,1.5870194293022146,1.1466576597681493
60479_59526,0.7593033722731628,1.8666145738808058,1.195237594078946,2.420123170708238,1.5741239111064476
60479_BTC,9.39573164130979,8.38601606470042,,0.8925346513548771,
60482_56517,8.156038959382464,12.926889603466357,9.064224676066356,1.5818680832117706,1.1113513215430564
60482_58065,14.925765488009107,28.70372564924024,20.148919559186123,1.910252906172104,1.349942123596484
60482_59343,0.6535360557212107,1.783556901315588,1.1126494730158458,2.6376782790589357,1.7025066379665617
60482_59731,0.5177544210684676,1.2416068163737792,0.823348465069878,2.3952854763242772,1.590229714254818
60482_59982,0.4340911047355865,1.3004661816679066,0.7686024153489049,2.9265653596732624,1.7706016247835255
60482_61693,4.5431031477429,8.446850363545863,5.886909166995163,1.8636562396321603,1.2957903387951673
60482_RTC,7.484918344196402,11.153071948522316,8.01169966241411,1.4822798549444114,1.0703790334100518
60482_XHT,15.894341880384514,20.985078367308617,16.08513579051372,1.3170024232277915,1.0120038886520157
60596_61693,37.87286023663066,41.38663298629192,32.53763436439363,1.0921036206157477,0.8591279919472047
60596_RTC,29.32132111864278,29.766076142341326,23.887377672151406,1.0159723511076677,0.8146760364410586
60662_HTC,19.170571041177848,11.069043569563474,5.117700172247537,0.5771416971910244,0.26695606308517683
60684_59832,9.23432824700863,18.790436647783807,13.076470724286105,2.0287366506571294,1.4160716810691778
60684_BTC,4.511384003802968,7.44994876017969,5.512392441588955,1.648302766343617,1.221884999579323
60685_BTC,4.502909889104408,7.612629726582616,5.962123103852533,1.6915402935287909,1.3240600524294193
60688_XWV,5.99522941510741,11.018688130996283,7.492722312913558,1.8407586839033336,1.2497807496795048
60689_54444,10.27225964462789,19.858042439803196,13.889400526282639,1.9385387977416355,1.352127088565797
60689_BTC,4.566227291224746,7.6820768776035955,5.861745973375666,1.6802325881404954,1.283717519852902
60690_HTC,16.218558374618464,23.266091650356454,16.520868192799284,1.4379618742306388,1.0186397465914063
60867_55299,4.131245025918135,6.197973277503004,4.577091873071687,1.4911106630777657,1.1079206980841003
60887_XWV,12.962187512567674,8.073130043137514,5.338986155440211,0.6234016542265868,0.41188928568296984
61035_52230,11.33033275180771,16.92501301342269,11.598921505104835,1.4858279757795592,1.0237052837882694
61035_52453,12.617619696017435,20.6121374624522,15.048794297785788,1.6299435308780252,1.1926809224196
61035_52605,12.500427334844819,20.048774250196743,14.77310693003139,1.6001991307764167,1.181808152178246
61035_52736,16.095217712919588,31.57085517769734,22.833188364239568,1.965856493956168,1.4186318427933677
61035_52771,12.608006828561118,20.66871866354585,15.031668730048631,1.6318809087969917,1.1922319629457332
61035_53096,24.442063963025483,42.41055465363337,36.48676000510016,1.737658595408368,1.4927855544562516
61035_54990,1.9298400477835354,4.490500384004898,2.959230988105681,2.358034581300262,1.5334073886094468
61035_55096,4.48678364327876,4.618302634671116,2.432539496307598,1.0215549550957865,0.5421566292708503
61035_55200,4.480821267233242,3.5905223493061453,1.7881100998858577,0.8039816502572126,0.3990585638757147
61035_60208,20.286765748097285,36.86847723048672,26.087308376011336,1.8154079299512216,1.2859274218443661
61035_60419,3.5428896180184903,6.722473785299972,4.871193093331376,1.891128316602678,1.3749209313655657
61035_61651,8.323480004247399,10.95533403113674,6.769092296385797,1.3143305578657623,0.8132526651030084
61035_61654,8.379757811697692,11.062815677094541,6.905740140854384,1.3154677387967644,0.82409781953535
61035_61657,8.693922710777196,12.124860111736945,7.874012468531092,1.3904186319412566,0.9056915653011587
61035_61707,6.686007859088855,11.103637192213819,7.9048262051653015,1.657369223947265,1.1822938847461275
61035_BTC,26.87291463418873,29.43372134217309,23.488970310225298,1.0965009167105049,0.8740760215247269
61035_STC,5.958131504070941,9.269786458327655,6.522167232417767,1.5537632765007123,1.0946665457050493
61058_PCT,14.357250418814795,16.804059536751712,12.709748899573851,1.1672735517659683,0.885249510095475
61061_57752,5.886334607153045,10.4414252185038,8.140753598619444,1.7634553983907257,1.3829919877009438
61061_59423,2.257337960273957,3.4611213937615757,2.6388991334805456,1.550189332910204,1.169031478636137
61061_59709,2.10157077602219,2.2383955188568265,1.206598189238745,1.0661702296448392,0.5741411153054619
61061_XNE,14.29026586339264,16.311493780999882,11.914356540514103,1.1404637451828972,0.8337393197865617
61064_PCT,14.719445003377746,17.3155250492926,12.82356357357373,1.1755995432275603,0.8711988509506331
61070_50980,6.363197271198504,6.974798239744148,4.262561374397406,1.0951238458747556,0.6698772948138626
61218_60211,9.745921697459238,21.149997858152695,15.35050775873468,2.1651411000221144,1.575069884127692
61321_55488,35.651613975172395,46.21053972270447,38.586052272866176,1.2952128579361362,1.0823087083725664
61321_56022,23.102311401815413,31.622015104983987,26.20087978304417,1.3661263136149793,1.1341237388474152
61321_56647,10.191506438038749,12.100695075964632,9.598204086537688,1.1826933642235766,0.9417846267273481
61321_56664,14.784692824817125,17.308496727610418,14.17129852466274,1.168434370706675,0.9585115289561674
61321_57349,26.962202137531435,32.514420020425526,25.566833701652047,1.2034998940693085,0.9482472377900827
61321_57359,24.505618733363576,32.56015185424698,26.170146851603583,1.3273788055947322,1.0679243456919456
61321_57377,20.576850837830158,24.250658246197762,19.691408223255962,1.1766143976647523,0.9569689928963121
61321_57396,15.58833314005909,17.85914136694597,14.584066771227747,1.1456158830022376,0.9355757694034286
61321_57518,14.834429024725168,17.336329636117696,14.141793655481417,1.1665395734459185,0.953308929646749
61321_58253,4.756068665633596,8.526623965909774,6.1029825268728155,1.7926881264544594,1.2831989939446733
61321_58279,4.310944649803105,8.576748282616078,5.736157860529461,1.9989272421218147,1.3306034585230526
61321_58597,20.481540692283577,23.97044376835208,19.407302962943614,1.1699334413239169,0.9475509315690942
61321_61767,25.69671771473399,29.13970716265952,23.74147494463071,1.1319114790407103,0.9239107970205012
61321_RTC,10.426177368415004,12.816064560384188,10.124125759948976,1.229815297131846,0.9710294964498627
61321_XHT,15.325341921118648,18.372605636778363,14.473326255888933,1.198011786988028,0.9444047859019955
61332_61331,3.7853729027194465,6.817193762572877,4.5928733675858675,1.7931646692598027,1.2133212461806089
61332_RTC,8.86783052214094,11.579477261156697,8.78894981757043,1.2996891076362656,0.9911048475302315
61338_BTC,14.752218912386162,25.82349059444284,18.132292779200583,1.7615093065983034,1.229123082221649
61338_VTC,1.88571723657234,3.0850541498040913,1.9988988212061167,1.6662340983852624,1.0600204433828617
61577_58279,1.4467142740311678,3.1026703237609605,2.074980713144344,2.1291154398404215,1.4342712658544219
61577_59982,1.1025669988906872,2.794970836877326,1.6520695808645418,2.514488061809144,1.4983847535131372
61597_55714,4.067478379714453,7.405409934804243,5.320728581163124,1.823853445640605,1.308114778851425
61597_XHT,16.10146805570559,20.83041932280654,14.219485452770625,1.2908625175942858,0.8831173284060841
61629_STC,14.529261364422517,21.412451706322972,15.413984401661903,1.4738056720528883,1.0608924992846358
61629_XHT,26.14226028578484,27.280784193041026,20.881894295839313,1.0428854414510156,0.7987792206014446
61649_XHT,6.130917315202003,8.052282591787277,5.800658627408419,1.3060358079371417,0.9461322554498187
61649_XNE,15.437436419122207,19.915898611344435,14.525811509886392,1.2915769933557095,0.9409471310854052
61650_52605,4.911638527073197,12.427467104521185,9.719925309515562,2.513152974898084,1.9789577868849364
61650_HTC,6.050824312079449,7.909591456434987,5.67153887429792,1.3048859078735529,0.93731673269304
61651_BTC,13.592740836950037,20.498351767540214,15.164449117675286,1.511324929455743,1.1156285034474263
61656_XHT,6.196489677765961,8.225643410095268,5.840138561092857,1.3222639662008944,0.9424914531929665
61657_52667,5.337517127888208,13.450983967407444,10.273553054421406,2.5164892257157545,1.924781280933546
61657_HTC,6.433048020335268,8.90113387396409,6.319971087768565,1.378975137281337,0.9824224951828029
61668_57240,7.618070398373256,12.960876874145331,9.818890790246744,1.6997863610584594,1.2888947301331641
61668_STC,16.090791174131386,27.809195600820683,21.03144647026773,1.7293019464221875,1.307048624438012
61678_52605,4.6963633379120235,12.023507975591489,9.6220473608561,2.559216293854477,2.048829417260124
61678_52992,4.728058080261391,12.13262915141416,9.703660172626355,2.5700656556967973,2.0523563813940897
61678_HTC,5.991949388164918,7.748062702874086,5.7633222186901625,1.2931602765940386,0.961844275599802
61701_VTC,15.04070639041678,22.96346780743857,14.933050000145082,1.533078534838652,0.9928423315051019
61702_VTC,14.945674231699295,22.806852534171366,14.792202249510185,1.530026433269005,0.9897313443468746
61704_56394,3.8880802709781572,7.0112285876839815,5.174411836761193,1.8145409406390653,1.3308397656768085
61704_XHT,15.10400155329038,18.150970849303338,13.031492372015077,1.2047159302283257,0.8627840990373964
61709_HTC,30.10496107803205,35.25361577412777,27.57984880036801,1.1695495874802802,0.9161230512433166
61709_RTC,44.2794110117738,47.38286340046111,39.02738987065681,1.0696236199928983,0.8813890921060245
61710_57027,7.720060228713792,11.082392218595833,7.928089951252106,1.437213925660517,1.0269466450228684
61716_55210,15.448490745304296,21.774491680628273,17.535383504658903,1.411396287167189,1.1350871611836215
61716_55299,7.379953704971798,10.804687678944541,7.726908780104899,1.4658275301236203,1.047013177724863
61716_STC,21.044562887212823,28.997711000915224,22.731713979185226,1.375712834395163,1.0801704032065003
61760_56138,1.6230288870825027,2.7272384526406297,1.7824861334986208,1.6726298913974176,1.0982467087833245
61760_STC,14.444182165937084,21.12055918114783,15.147693546383572,1.4645583963927407,1.0487055184131877
61773_RTC,8.258767172145625,12.471732501195444,8.900033010774743,1.5098169771846284,1.0776466784040017
61787_STC,5.878393803960268,9.20215440892622,6.53255380675321,1.5600578988398666,1.1112820992619166
61802_BTC,2.385612604456027,3.3328373323954184,2.0277937621840394,1.4043533280518263,0.850009661416264
61802_HTC,14.931371479825408,20.52530130452163,,1.3746427334056008,
61802_XNE,23.96180226557883,25.35351554947489,,1.0580804927972909,
61804_61337,15.991431874436937,25.841708258234057,18.09379832857599,1.6191926294266705,1.131468305693112
61804_VTC,16.049057627872266,27.133638952496177,18.063097265840373,1.6965808888967349,1.1254927039747393
61917_BTC,8.31602406185318,18.264004291625795,12.012587235697458,2.2061631353182016,1.4445108800010515
61997_57585,7.923576206039111,9.80658613966909,7.811606750919534,1.23769507934402,0.9858688233433993
61997_58083,12.049689166126038,15.491405185656417,11.735182019191875,1.2853907451694107,0.973899148550794
61997_58084,11.866920667328035,13.43308403740157,11.12316184310642,1.1306787709100843,0.9373250361174715
61997_58086,11.541047836641464,13.187065192531506,10.946910177184968,1.141338454739696,0.948519608629454
61997_PCT,2.285404921191257,2.6931497898574417,2.157038678746329,1.1784125276380562,0.9438321667838111
BTC_50405,8.900476699763233,18.276247337737562,12.127239768724289,2.0515014468660393,1.3625382300081628
BTC_50892,4.945011127665238,10.267279538988499,7.521401141821922,2.0682028274185313,1.5210079305469861
BTC_50980,9.343335870791277,13.577706884129334,9.850529491333177,1.4539317081444656,1.0542839974454377
BTC_51172,4.619523969519333,12.040916892669404,9.676434381955463,2.6120232970703428,2.0946821459965945
BTC_51389,2.4045420170324796,5.09151103294504,3.7531380376947077,2.1046795064319697,1.5608535892113762
BTC_51603,4.8321811064892755,11.235432476785205,8.841053081056906,2.3268821164974387,1.8296195623098646
BTC_51671,4.200286207196761,10.758008295391068,8.627377587529386,2.5562893988408084,2.0539975520590135
BTC_51695,1.341811795938905,4.303587150969789,3.5164313792951005,3.1991066088207893,2.6206591639288357
BTC_51707,2.2246217268008848,5.216280117280221,4.055169006169108,2.3447941977899713,1.8228577727686945
BTC_51743,0.2576391958332297,0.51309750279272,0.29788212052684593,1.9765437294413177,1.1561987668975087
BTC_51764,0.17515638891160762,0.45762450023583434,0.2527925458063016,2.4636290553446987,1.4432390812411242
BTC_51787,4.303050727580932,10.975359271473481,8.775363377606588,2.5558576600216156,2.039335330480726
BTC_51861,11.575728255805915,33.36459493676087,28.613621351500857,2.8774218033651926,2.4718636028061067
BTC_52092,1.0553919325078167,1.8354091151030054,1.3548535595474498,1.7390782121497896,1.283744472376299
BTC_52588,5.028619272863969,8.662462946199026,6.698344479532552,1.715171196140957,1.332044467092379
BTC_52646,7.421431554334898,16.830617228177605,13.348331021641826,2.251237834381659,1.7986194339884458
BTC_52736,7.4371741574966235,17.200400824401736,13.491128479337817,2.2967392580912604,1.814012714189145
BTC_52751,2.825511798565021,5.784800795354215,4.171751293971159,2.0482772574411148,1.4764586352425944
BTC_52807,11.530777197513903,33.36378277304957,28.696552903157468,2.890096622272776,2.4886919946163384
BTC_52907,6.2642383269509825,15.558621712020953,12.355274403603625,2.477902431198875,1.9723506288780295
BTC_53096,10.825298421374708,32.86385582442089,27.91974918438185,3.017749180563909,2.579120509902425
BTC_53122,15.28315726255058,21.079885403315682,18.171586848322104,1.3806586988784122,1.1889942985046194
BTC_53970,8.824864106635571,18.323600793943317,15.276872284331311,2.068096211712908,1.7311170007529477
BTC_53977,8.499361759049473,16.891812754492467,14.332293989428342,1.9850862025535962,1.686278851958314
BTC_53989,10.34303876656506,21.37916094132052,18.184651378956374,2.064900979771333,1.7581536518784147
BTC_54001,11.458880447156345,20.636778674234098,17.38422393108295,1.799809380228529,1.5170961955011102
BTC_54018,8.614264330719255,17.12555455057154,14.663872883636325,1.9921685941518976,1.7022780263827768
BTC_54032,6.886042664958428,11.439320225128144,9.152406144460965,1.6600045098334686,1.3291242284970972
BTC_54053,12.439541718966447,16.746635947849775,12.92508106606436,1.3462740688374755,1.039031932049202
BTC_54060,10.670305196396878,16.176446711379572,12.732088975576044,1.5182214512845003,1.1932263174511057
BTC_54111,9.64322054216523,19.181542238577038,16.17534447561771,1.9909514831531865,1.677379917309845
BTC_54134,9.291365173121418,13.546178797056365,9.765901062079132,1.4604104700363458,1.0510727842589245
BTC_54172,7.115470300786374,12.75622755016083,9.833838563205749,1.7881506412603685,1.382036344402836
BTC_54196,9.294235735731897,13.752669168187111,9.853134876757261,1.4803519430198702,1.0601339536586816
BTC_54197,9.870367982597491,19.549698135807898,14.928832705189166,1.9837912210582533,1.5124899833025764
BTC_54272,10.91632612582337,24.04658847888418,21.236977261064688,2.203637536668031,1.9454326498021217
BTC_54290,17.251284110689515,34.175049742044486,29.95219000687832,1.9807324271892157,1.7362295939650583
BTC_54299,16.851801304357267,27.710610331117312,23.39087356794362,1.6452243661019625,1.388034023513889
BTC_54390,13.523286045081699,18.85986747395788,15.622489730255673,1.3919749248339457,1.1552288162933178
BTC_54421,9.398414751147836,13.8233238491798,9.856241464145318,1.4744767165931312,1.0487131846295215
BTC_54444,8.916866722215225,18.00274616395573,12.449711023113224,2.0171833482682278,1.3961979483327223
BTC_54475,10.125374352512164,21.505140614494554,18.74440414992595,2.1196280198385384,1.8512307295853563
BTC_54516,9.349957919867101,13.764271731820372,9.851245095287702,1.480031626453212,1.0536138429409878
BTC_54548,15.692808785510586,26.62688241265577,22.629361478429914,1.6946842988201416,1.4420211058280372
BTC_54592,18.774211989175672,24.826901401301697,20.70815927173864,1.3215765675330513,1.1030108365495175
BTC_54792,8.62458427153589,14.601782778221525,11.685639001572275,1.698352319189421,1.3549220036192267
BTC_57943,10.525668448671643,17.49236814273574,14.489792677084509,1.6627897353199008,1.3766149625312532
BTC_58043,1.1523546496024,3.935747539373544,3.370610611966914,3.41361868893178,2.924976796969479
BTC_58249,4.163431237074903,10.65144415013304,8.390046888292565,2.5569414282916867,2.0151760436392245
BTC_58363,7.581879581317119,13.20186332575407,10.291918320169334,1.7389692660967966,1.357436267588601
BTC_58393,7.381810765426079,17.588014554346987,13.675974447351503,2.36817793805144,1.8526584982922039
BTC_58431,10.914344173425222,15.814701465245202,12.267903599514108,1.4492900919525487,1.1240165606454484
BTC_58736,10.94650036022361,17.411898496116496,12.29130573416874,1.5905048614732709,1.122852540053053
BTC_59042,14.551073226673866,26.834323773403437,19.03089305393637,1.8517660571743488,1.307868688273141
BTC_59314,12.573232559535322,14.845074200865493,12.512922745840141,1.181891946949166,0.99520331677557
BTC_59518,12.59767728612975,16.700287276907606,12.540144683405671,1.3232145162565219,0.9954330785415957
BTC_59526,8.864232681538386,17.782690652320095,14.82105692782862,2.0038987381879005,1.67200675572253
BTC_59558,8.227367669287215,16.191484561286664,10.95582346565201,1.9615155335748622,1.3316316841594582
BTC_59664,4.406834028330422,11.144783945409504,8.987015390084204,2.530947796345459,2.0393360249805084
BTC_59832,8.206064859041158,17.822848874670512,12.144643036982167,2.171230354672662,1.4799594258143867
BTC_60162,17.995232019760362,37.69862523893278,26.16597062220824,2.092679338254869,1.454050194711337
BTC_60208,4.895355077147681,11.236680658471796,8.719433521379095,2.2927909128886554,1.7811646722181276
BTC_60255,5.09831278260423,6.50963888087192,4.729205327632906,1.2798797098622319,0.9276020380250615
BTC_60256,5.007962106772837,6.34779896915674,4.546387772844311,1.2708113802053065,0.9078319036591179
BTC_60477,8.739099570031824,18.039053331515806,14.489323150614597,2.063300496707259,1.657988106726862
BTC_60479,7.960981250583923,15.73359000859589,13.384203711008482,1.9716775365770802,1.6812253778423076
BTC_60662,10.964769767543187,33.08821821054497,28.183026257545635,3.0099638652610397,2.570325401721631
BTC_60683,5.122922606539616,6.48162317316859,4.816915755243126,1.265291931176045,0.9402671336658766
BTC_60684,5.086434348314532,6.486844149688522,4.834098001285281,1.2753289868687239,0.9503903265530468
BTC_60685,5.097890194178413,6.521455735487597,4.806934994516519,1.2793175818514608,0.9429263501999016
BTC_60686,5.025506382448532,6.538707091412033,4.748366403251702,1.2996406380621706,0.9448533226094916
BTC_60687,5.001474862459838,6.47688083816597,4.7002045539421005,1.2948060822041207,0.9397637063460985
BTC_60688,5.080184340281518,6.651281177631211,4.717910479600116,1.3133921652143403,0.9286888355981732
BTC_60689,4.839741837166012,6.000184914333942,4.361833893358011,1.2439064058432836,0.901253422209841
BTC_61070,6.816423677669098,13.191570370190824,10.829416636681186,1.938296585473659,1.5887241094122169
BTC_61510,14.357713263292723,18.948225777746924,15.342703038703583,1.3182903394729015,1.0686035274105319
BTC_61802,3.2916370036875615,7.26430025573704,5.217615844074489,2.185833478286824,1.5851127685796726
HTC_51172,11.866976263373786,21.423009977702694,17.32543750802262,1.8041166964391802,1.4599706886998518
HTC_51389,15.594324876451108,24.833994105496203,18.542942411254717,1.593903323108541,1.189082730939914
HTC_51417,5.623494958314323,12.156724603604653,9.969472324650168,2.1586988494360253,1.7728249778032303
HTC_51434,6.338028723833567,14.58585686886773,11.712213226126174,2.2911962042470657,1.8479268139135259
HTC_51603,14.824291430688698,25.414403185314967,19.61785016212248,1.711983648016403,1.3233583712143122
HTC_51607,13.675281615817964,23.895310302050426,18.659574446759724,1.752412777261591,1.364474602495682
HTC_51695,17.36045802929362,28.741425226243116,22.29723161254407,1.6527671115728053,1.284368855644261
HTC_51707,17.937067651224655,27.601005867848304,21.09619721915631,1.5392628251011125,1.1761229666609394
HTC_51787,12.548981208401692,21.479989581626203,17.1820637079317,1.7119018805643493,1.3691998914165322
HTC_52123,16.14964126888942,18.174767695528775,15.023361553081857,1.1252220452007666,0.9302597688050679
HTC_52230,3.361908334073553,6.418791074479298,5.354902185590407,1.9092701039536628,1.5928162381221103
HTC_52288,8.42224921436631,18.00881319017721,14.422932632982546,2.1285702300930596,1.712479916692625
HTC_52340,5.608076022595405,6.868722835420896,5.304233766170803,1.2220633495508917,0.9458205888792527
HTC_52356,2.7451016294280075,3.6690707334679717,2.705701200279856,1.342429005889382,0.9856470052963536
HTC_52366,0.09489017805744711,0.22564723568956702,0.17564723568956708,2.3779830569288083,1.8510581314667693
HTC_52453,5.243853857066841,12.44888696320815,10.065855302151585,2.3776448454711545,1.9195529807884346
HTC_52515,9.851872411535805,22.998688489555594,17.864818539465155,2.3268790884195067,1.8133424584901028
HTC_52605,4.9817936504296405,11.917280408914385,9.6607828857687,2.380710805760622,1.9392177925586167
HTC_52625,5.445715354716918,12.087124432735953,10.042194013986933,2.2096469340907645,1.8440541526447358
HTC_52667,5.019029246665876,11.856178651486976,9.660077500860917,2.359824594365189,1.9246904184266456
HTC_52716,10.634281989551752,18.7383753870416,13.99286218178478,1.7636906544551954,1.3158257600779115
HTC_52751,15.610698616504695,24.79816871500414,18.485929350565144,1.5892082059281176,1.184183347888131
HTC_52771,5.015105783139847,12.010410607821123,9.609879089998083,2.389805158994075,1.916186717796718
HTC_52804,9.724409511128552,23.144841431476795,17.406102919618775,2.3593749456016178,1.7899393171070532
HTC_52867,12.584429596904883,19.304622046031344,14.823469682554572,1.5314553184351625,1.1779214598808974
HTC_52881,14.691617817730684,23.946892794014765,18.835633192306066,1.6297048219518357,1.2820666468449886
HTC_52992,5.070749004421318,12.01235541081471,9.497545898399695,2.3585096331032798,1.8730065105014146
HTC_53497,3.5534322169002497,6.924776814088242,5.665287617846255,1.9422098353271482,1.5943142494464777
HTC_55131,16.630670625201034,29.78988582280681,22.380647280963036,1.7969109978923365,1.3457453271336433
HTC_55411,15.928002365889984,25.876837232976037,20.280311216365593,1.6185781022056023,1.2732488827221757
HTC_55933,3.541234378924225,6.849743492790785,5.487449012525736,1.9336312772837965,1.549586507231623
HTC_55944,15.910699180112411,25.910783654631423,20.324665217778797,1.6220264280221124,1.277421248915549
HTC_56911,0.4659461337351933,0.8803569196684131,0.6220235863350796,1.8893963398969589,1.334968875798395
HTC_56919,3.7499779361524226,6.934619662572024,5.558401799249157,1.8458738116049511,1.4822492008985593
HTC_58150,9.632049060236884,14.255887648623256,10.531639669030163,1.4770001650089988,1.093395559259242
HTC_58249,12.79214293014439,22.0857158765967,17.600287794094736,1.7251276724734947,1.3758670373061626
HTC_58363,14.250857060393898,24.69104348741682,18.724562852564667,1.7358343019984905,1.313925385203963
HTC_58378,13.957260136174682,26.87695227651736,20.398538470455687,1.9193930299528041,1.4615001992824066
HTC_58431,11.2630135963721,18.4719299910708,14.057123238111627,1.637049278082766,1.248078333372476
HTC_59556,0.5117970499559582,1.0160472291114677,0.7354916735559123,1.9852541729165925,1.4370768132000833
HTC_59664,12.746111622424815,21.910150745089638,17.70803432307846,1.7175431539005495,1.389289129707911
HTC_59832,24.772044664361655,38.01857573750081,28.595752847489326,1.5343536911706563,1.1543557762362933
HTC_60162,29.598113965432468,41.33017099752596,32.90243444752468,1.394696975413672,1.1116395621001838
HTC_60208,14.610176139708418,25.101032400368343,19.8056531101115,1.7115351808735366,1.3556067305911872
HTC_60212,9.857476183850435,23.71398297484347,18.100277182144687,2.3965263388458795,1.8361979115707612
HTC_60214,9.88076415567693,23.92156866612722,18.10290959027403,2.4026918438174625,1.832136594402278
HTC_60662,18.90129679056595,41.38714094423352,35.189746831893466,2.186119958083183,1.8617636250999157
HTC_60690,15.381598234873746,24.689092294418213,18.634728217308645,1.610049242321196,1.211494926129281
HTC_61651,6.1223701525037235,9.143884501688612,6.505818110883029,1.4929339688349779,1.0626306395771408
HTC_61654,5.829627154030761,8.267413575341195,6.095285041098563,1.4211614727890165,1.045570304935217
HTC_61657,5.804559887348925,8.116938567869132,6.039988389390403,1.3989151446242178,1.0405592338800045
HTC_61715,29.68650168099067,36.900906388618836,29.782562185536992,1.2419186265127529,1.0032358310715956
HTC_61736,5.855134244237202,12.487279806475952,10.23876091940769,2.115882473423587,1.7486808145321322
HTC_61802,15.365160416180016,24.595226490586985,18.348753166522776,1.6030727834802336,1.1941790823869916
HTC_61987,6.9173881213071855,9.249764449491465,7.06569461631442,1.3345340778784016,1.0214396665918477
PCT_52183,18.32494266618965,24.76143689232262,19.411967653345354,1.3503031598192228,1.0593194209093661
PCT_52373,18.396330316194458,24.964749254607245,19.40217729630085,1.357771142705527,1.0546765013901134
PCT_53021,3.7477689621434527,4.466037659158482,3.604926548047373,1.1916523415051261,0.9618860139088232
PCT_53035,3.7853078543641696,4.475585843810873,3.6061413993664315,1.1823571598412705,0.9526679303530958
PCT_53045,5.5689290215121,13.11379397520539,11.847127308538713,2.3548143502185765,2.1273618792365085
PCT_53161,3.8103170813841634,4.497425868092669,3.6224258680926678,1.1803285060095055,0.950688824767507
PCT_53170,3.8103125608057726,4.49043443759961,3.6154344375996073,1.1784950357589592,0.948855082071022
PCT_53187,8.347826348892543,9.756292731060737,7.872959397727396,1.1687225300697646,0.9431148982599351
PCT_53299,3.560241954316166,4.295218717608723,3.475774273164276,1.2064401163526335,0.9762747357523025
PCT_53357,3.7227762147523245,4.445246897024458,3.5896913414689036,1.1940677173688776,0.96425117557267
PCT_53407,7.945552860927221,15.028155616398871,13.233711171954434,1.8913920628859968,1.6655494467895469
PCT_53495,3.8228212965489674,4.504724599644993,3.626946821867218,1.1783769761122787,0.9487618019553846
PCT_53673,5.973068148528576,6.577369789049302,5.2218142334937445,1.1011710607503435,0.8742264617858249
PCT_53688,1.748574163406849,1.8165895023504282,1.3999228356837607,1.038897600323146,0.8006082126686634
PCT_53730,3.7102524336681366,4.463599805348162,3.6108220275703853,1.2030447752945017,0.9732011748862464
PCT_53740,0.5103571986892007,0.7156075513419643,0.5739408846752977,1.4021699961907617,1.1245866349086582
PCT_53767,0.46036352592044405,0.6596838127191089,0.5291282571635534,1.4329628121605569,1.1493705025949268
PCT_53864,3.7102669434961952,4.443880510275302,3.5911027324975233,1.197725279057097,0.967882577503606
PCT_53866,4.310368028024804,5.034545897923439,4.048434786812325,1.1680083615111827,0.9392318151235666
PCT_53887,3.735258177589544,4.4727258707832735,3.614392537449942,1.1974341954776566,0.967641958228012
PCT_57752,20.640305635985772,30.907473878939165,24.267841335380602,1.4972432464188783,1.1757500961163252
PCT_58079,11.60641221384045,12.468187041992842,10.19318704199281,1.0742498898259654,0.8782375512940689
PCT_58082,12.158795877820989,13.429222878130538,10.42282989932198,1.103344002656559,0.857225501937605
PCT_58083,12.283801575648866,13.549631151997621,10.574013892425237,1.1019198646046118,0.8608095651257446
PCT_58084,12.158782831152847,13.434003741780327,10.559003741780348,1.1048806388218522,0.8684260495817397
PCT_58085,11.782052680410082,13.17785687287484,10.312585522383609,1.117282783468202,0.8752791896381736
PCT_58086,12.183879903176532,13.443517296449974,10.56296174089441,1.10338557202497,0.866962069951172
PCT_58158,15.024850849806018,22.674435183444288,17.939001101227227,1.5135059387064913,1.1939553530715303
PCT_58430,11.260210756469617,14.463200369580154,11.9326448140246,1.284452012700583,1.059717715067512
PCT_58433,11.62269621744999,14.890562157253235,12.279451046142134,1.2811624668376829,1.056506237141956
PCT_58434,12.260196630766371,15.654646987015612,12.901869209237823,1.2768675298184886,1.052337870084498
PCT_58436,12.347734806848326,15.637496386319892,12.865274164097654,1.2664263227978456,1.0419137084935035
PCT_58437,11.61022935785048,14.782265510961544,12.173932177628215,1.2732104642675495,1.0485522552917161
PCT_58438,12.29772410751812,15.603086345922367,12.84197523481124,1.268778369843534,1.0442562479475692
PCT_58439,11.535198042694109,14.796543691605198,12.204877024938535,1.282729922524103,1.058055265264264
PCT_58440,21.558129256443852,24.771842190989315,20.177703342216223,1.1489600207974462,0.9359672679476577
PCT_59208,21.925548983391725,29.244180408021712,23.0021898680877,1.3332554565592762,1.0491043980477532
PCT_59315,13.610263732331594,16.922070809860465,13.869293032082679,1.2433315872977224,1.0190319089214819
PCT_59423,17.516145170113916,24.76996670466529,18.832402163710107,1.406516476669001,1.0751453576579162
PCT_59557,10.54667328446578,16.337998285020067,13.965776062797842,1.5491139096044952,1.3241877970533198
PCT_59561,10.684218346672147,16.412960378826757,14.010182601048973,1.5361872854216765,1.3112969191061858
PCT_60213,25.81465322186541,36.203381381526334,30.51755497518289,1.4031699657650418,1.1821795440325362
PCT_61057,14.916216580487825,20.978927335557135,16.349630470565398,1.40402390930134,1.0960976855185012
PCT_61062,14.721526250649555,20.688525817638542,16.148038558332228,1.4058042738470722,1.0968997564107683
PCT_61063,14.781109315000553,20.76972134651522,16.189134294965992,1.4041627421007905,1.095258410580626
PCT_61306,3.747809475065994,4.422453696997579,3.561342585886469,1.18001027704849,0.9502464331711415
PCT_61891,6.8855311866777535,7.627038283694745,6.068704950361414,1.1076906162957583,0.8813706286166055
PCT_61911,6.760533101748008,7.478922583016436,5.948367027460882,1.1062622533543518,0.879866563470101
RTC_50640,17.191432778709522,23.940311033721148,18.55647856237569,1.3914426331903962,1.0794026769750507
RTC_50737,17.4234728957189,24.14095080236095,18.606728135778607,1.3869225648114483,1.0679115608662866
RTC_51960,14.298939355493399,22.101781566799268,17.834617670922427,1.5435746079094061,1.2472685719917178
RTC_51967,14.090826790130116,21.009871666752456,16.799393685590154,1.4890356549360293,1.1922219991631184
RTC_51999,19.118050091544877,32.44902131304563,25.475582168108133,1.6931281574660932,1.3325408211674752
RTC_54839,5.757831869681444,7.416954097830279,5.682353495318605,1.2848422462780025,0.9868911812517001
RTC_54990,29.235699622721054,41.00090355196139,32.566580497932996,1.4019501105525654,1.1139319707821629
RTC_55096,26.487809841303154,30.174616621938636,24.97794220060577,1.1392989527126847,0.9429976411887778
RTC_55383,29.160275401620645,39.19359761000551,32.87910942704778,1.3443224777946106,1.1275308265854187
RTC_55488,28.390567107687996,37.915478901171376,31.802697542569984,1.3359094297226166,1.1201853567045514
RTC_56022,23.103940892184315,31.50809590593294,26.158260122799152,1.3609199012918805,1.1321990583713821
RTC_56088,28.17079593075613,33.042329293646176,27.600649213347115,1.1725466594149954,0.9797610717563523
RTC_56280,28.566249889881735,38.178468536741796,31.891493923408472,1.335663155940259,1.1164046399630687
RTC_56292,28.156591883762434,35.79063266940616,30.339883550364863,1.2707139926335174,1.0775410488462387
RTC_56394,23.168420326965908,31.53940398074129,26.276749193521727,1.3610762240282295,1.1341623132992804
RTC_56421,8.490457780134257,11.531840432255299,8.373398409634849,1.3559479900171427,0.986212831683434
RTC_56451,7.35256550977683,10.819214204454745,7.826627285475176,1.470430841985656,1.0644756956014847
RTC_56517,8.2352531452818,11.256557760578316,8.254180932792961,1.3672465720169835,1.0022983856327483
RTC_56599,0.4605538259686742,0.7460256747886904,0.5765812303442458,1.6198447015820325,1.2519301715310547
RTC_56600,0.9596728681046214,1.6875315328471288,1.2024241903000534,1.7573458429352111,1.2529521572021434
RTC_56647,3.1942612535498793,4.167643499375824,3.0887744501157663,1.3044559748331037,0.9669761503330755
RTC_56673,7.5060618663547505,8.872045264469367,7.218603184634212,1.1817163919687586,0.9617031291722965
RTC_56714,1.183171878894806,1.7295446997663653,1.3601002553219208,1.4617865169191842,1.14953734075592
RTC_56856,2.9050514645352217,3.7665475068282963,2.822148311843095,1.2976811302123636,0.9714624151399016
RTC_56875,5.270877545113563,6.96215254433766,5.134325683755085,1.320425113622825,0.9740931447961507
RTC_56919,20.804675543889164,24.213884021671397,19.895165576223533,1.1645907051416744,0.9562833861192911
RTC_56927,9.105575693636142,13.78191618151344,9.784142170446167,1.503328566511443,1.0745220840110388
RTC_56958,11.577076812151445,13.462694850990623,11.05991707321285,1.1628751427873407,0.9553289878498709
RTC_57359,17.093483374824437,24.40331271193279,19.73197233784522,1.4255974541290783,1.1543564237413888
RTC_57377,13.409517869985105,16.200556803328006,13.032748592767172,1.2072525203955722,0.9719028468531843
RTC_57518,7.531329829410359,8.917342929037153,7.26880496402658,1.1857333367875635,0.965142296071193
RTC_58048,1.3243759287139851,2.226654121546048,1.592883362696595,1.6771518026959826,1.202742611188456
RTC_58279,7.015913473829447,10.484344847190155,7.478301453708181,1.492809615976525,1.0659055989791664
RTC_58432,54.6992775629996,62.60541497444729,52.83823465205704,1.144245417595587,0.9659768283264965
RTC_58597,13.214786321806375,15.622472580274552,12.628592393814309,1.1813234185040642,0.9556410589080234
RTC_59982,7.590240752844467,11.344351447531876,8.05379806028878,1.4924970816700476,1.0610728068501112
RTC_60163,24.721345915074426,35.7530603122192,28.102727817092457,1.4456377974134285,1.1367798466003485
RTC_60211,18.98311456303517,31.957245942700222,25.100483579339762,1.6848254192034218,1.3222531790550656
RTC_60483,7.492103735293266,11.067867029356984,8.047439922560025,1.472037513486036,1.0741228641363736
RTC_60596,28.896404914469635,36.48809810104773,30.524697234188572,1.2634181721164364,1.056349304508243
RTC_61323,9.897060694447816,11.709646153102772,9.442130178867078,1.1845073070790884,0.9540337753171554
RTC_61326,10.024127371226733,11.85247147186747,9.571395672291178,1.185208346875702,0.9548357994497281
RTC_61327,10.019154287348858,12.178111459431834,9.583806918682301,1.211900099163139,0.956548491401488
RTC_61328,10.19103810526165,12.585700221207443,10.028844949101742,1.2344889659489262,0.9840847267486746
RTC_61329,10.220164126189875,12.600417773511706,10.11892851064075,1.2343210612714832,0.9900945215459209
RTC_61331,9.938735685887485,12.01663191760443,9.799965250937756,1.2090704791221538,0.9860374156899276
RTC_61332,9.507628494698762,12.675448977902398,9.326477088310025,1.3313990187199822,0.9809467306710876
RTC_61333,11.225261728674697,16.03600162792351,11.633122156108422,1.4257665633903533,1.0363341574826583
RTC_61577,9.811469021306689,15.436585409260466,10.91693271477877,1.5690074949381139,1.1126705584119407
RTC_61693,9.973339432947773,11.822895976388303,9.523486689947125,1.185291622053407,0.9548944718040459
RTC_61705,28.021083588009372,37.059420433243226,30.59518009276254,1.3213370870312533,1.091862846655033
RTC_61717,45.79140985843206,52.0505084181533,43.55716030842773,1.1359838137549634,0.9512081074395461
STC_54793,3.695031987401428,6.163311812337145,4.427333919283736,1.668101381128019,1.1981855459923387
STC_54920,6.288779447893112,9.989902802269425,7.190688143671202,1.5840467454660767,1.1434155392554355
STC_54990,5.277094631194133,8.564227026499553,6.094310943268455,1.6156084444513115,1.1548610303941804
STC_54993,5.6893979948966225,8.859697764355195,6.309745367659555,1.547420790306307,1.1090356788748796
STC_54998,4.7057356763825595,6.168387391058122,4.451634967366555,1.3105877799508208,0.946001916280317
STC_55041,3.7311733834625853,6.180352659529436,4.3855312376696975,1.6577834435209355,1.1753758903586138
STC_55070,5.765561317698932,8.900588935329086,6.266029657028333,1.5312367947463947,1.0868030555486556
STC_55096,9.035974856597647,10.27401172678001,6.697910069870699,1.1325590646584058,0.7412493036078113
STC_55128,10.103078346805852,16.98363707421532,12.157517153855894,1.6761280178983973,1.2033478051468902
STC_55131,11.044574724381956,19.02540286419102,13.91144818042851,1.7174809956981716,1.2595730055334458
STC_55192,3.804320427750067,6.265230119303499,4.466601563392332,1.6593971545603008,1.1740865808282999
STC_55200,9.159200612271572,10.393293773170942,6.620953876991243,1.1352543179012342,0.722874643461836
STC_55210,5.875387459150208,9.14129400521375,6.510214974436792,1.549360088815369,1.1080486214229015
STC_55235,7.264277502263283,11.911884572048796,8.554787087447753,1.6327804722172987,1.1776514711590236
STC_55299,19.622411129272894,25.95368170510676,18.752805926299857,1.3222117208416462,0.9556830606980937
STC_55338,14.641750372843568,19.305013847067563,13.696653782903573,1.3166360067867395,0.9354519394284382
STC_55375,17.272921033442636,20.142198882543216,15.43238876809982,1.1676798533294155,0.8934440641638259
STC_55378,15.26464063458328,21.815621268288403,16.018702716493866,1.427314451621474,1.049399268542372
STC_55383,15.106519858781521,25.051887097396556,18.778794617424364,1.6546717111578733,1.2430920419111702
STC_55441,5.8397114582706875,9.058050117868603,6.502406162210387,1.5447686356588706,1.1134807273741472
STC_55538,2.0313411776274606,3.4190612960538784,2.25350166374889,1.682505923995829,1.1093664070655553
STC_55578,1.8155931545266277,2.839665463026468,1.8697516999774126,1.5742406117372008,1.029829670438973
STC_55612,5.6962431941741745,8.818057316721275,6.441240373606811,1.5412032173880876,1.1307874600920447
STC_55645,2.032205782489494,2.8968333911430473,1.8067359888463341,1.4555379779798294,0.8890516917204346
STC_55688,1.985148993325632,3.320702372018603,2.180379561001746,1.6823928267257167,1.0983455490406555
STC_55693,3.7242307016325147,5.606192199318671,3.4188014989713045,1.504597933371761,0.9179886459430868
STC_55713,5.6872241157256305,8.760626378843098,6.280175753158277,1.533983897924972,1.1042602903221428
STC_55714,5.73238993444193,8.951332957227715,6.389403117563413,1.552521274886652,1.114614181979134
STC_55738,5.721997107477596,8.834311405138484,6.453137616152833,1.5377208668206874,1.1277771545392379
STC_55835,8.982841680366823,10.23108754017549,6.570390632710551,1.1345769060161233,0.7314378752851673
STC_55836,5.776775402296798,9.000511902182517,6.419518535940318,1.552681094307947,1.1112633067555249
STC_55862,11.085265436687951,16.712325075408476,12.113518719873468,1.5069560590990505,1.0927585621705003
STC_55905,7.830477415551075,12.036047259132117,8.448615934274567,1.5309272116888564,1.0789400806515181
STC_56019,2.1318196837342245,3.4759827016018257,2.2343055643975482,1.639575708084963,1.0480743664416323
STC_56138,15.155748322163797,24.916201015000937,18.79963582805364,1.6459793605923396,1.2404294019953481
STC_56365,15.699323030394154,22.588960736407703,16.943383226242513,1.4407678986540133,1.0792429198023277
STC_56388,15.224285448717419,25.14471544820016,18.733945368477503,1.653649470971172,1.230530354385582
STC_56394,3.7560250093622263,6.221472081968583,4.418479399059589,1.656358857281559,1.1763711338572391
STC_56996,23.641638638524952,33.77607095682942,25.28123258020309,1.429302140968499,1.0693519584977649
STC_56998,22.656879381846604,32.66418862225397,23.913688172831286,1.4424855910460346,1.0554713987660487
STC_57027,19.43508139164318,25.654815539965625,18.6469135649152,1.321154645280017,0.9594461267825262
STC_57097,19.425881137240594,25.51081906670681,18.646669859455653,1.3150611127655132,0.9598879828266247
STC_57136,19.412669438744857,25.575743891467138,18.520020352658605,1.3161237906333414,0.9540171902219354
STC_57143,19.405687511564604,25.571463075943416,18.677647247794013,1.3184995551488066,0.9624831501931213
STC_57188,19.413304413608348,25.505824478668096,18.44041562394785,1.3167879624690901,0.9498854615920759
STC_57240,23.949336294447026,32.07639466248713,23.978011363021608,1.3356760062834039,1.001197322056112
STC_57248,26.61699364013127,33.27859234367649,24.5338305342376,1.2473063608486,0.9217355974134953
STC_57563,15.561165018879237,17.335705154660864,11.890987505352317,1.1175666785849625,0.7641450682468723
STC_57566,8.949617911572608,10.064143528992243,6.515778934358138,1.1185165991129025,0.72805107421767
STC_58515,7.5274430869097175,11.847454057686043,8.540481528055787,1.5725636934125837,1.134579355758631
STC_60419,9.463632806441913,15.492111382080598,11.210484391310514,1.6396055973826398,1.184585731568063
STC_60677,2.1481520204215623,3.69366695225701,2.445703959181496,1.7185963618121147,1.1385153080095052
STC_60866,23.458043683210317,31.02285302646459,22.97318830526705,1.319437785986488,0.979330954256416
STC_61035,6.246544940213911,9.591558334327795,6.8817783680263265,1.5295609375381507,1.101693565625842
STC_61668,18.19940351172632,24.866896846461685,18.067619632108503,1.3654308339810919,0.9927588901728067
STC_61677,5.693783356099033,8.894975925569359,6.334871280358686,1.5519648642259514,1.1125943654974046
STC_61703,2.171801638158164,3.7037930571284443,2.282938767606737,1.707494367956972,1.0511727809280156
STC_61707,2.141783419724706,3.592620418211789,2.4965768715937107,1.6770876865322204,1.1656532815603775
STC_61719,20.9612066401617,26.002660398705768,19.416348978289616,1.2401830832786616,0.9262992017400309
STC_61760,15.409162101159247,25.8308086155502,19.53604246240296,1.6749208632661186,1.2678199070235783
STC_61787,5.8589904150493055,9.184771673017293,6.5259178337255355,1.558696283124788,1.113829750764427
VTC_50001,10.667924102066571,21.457751223609705,14.708457858154233,2.0052284696082574,1.3787553902173841
VTC_50026,9.334586934138148,18.799857845949255,13.18149434292577,2.0113166249003473,1.412113298202713
VTC_50035,10.522922190533908,21.07950980802786,14.140439356436817,1.9878329777927897,1.3437749610233851
VTC_50042,11.073284148917685,22.94065068391415,15.92397898615247,2.051515955012819,1.4380538575548878
VTC_50081,10.780605357305552,22.10103448831547,15.774224138057251,2.037395005434618,1.4632039310638283
VTC_50094,10.936062707862884,22.682526518225462,15.49086447197201,2.0662080248124592,1.416493749696066
VTC_50273,12.859549103121742,28.087203836633755,20.49737235865194,2.1759715013073846,1.5939417622096925
VTC_50315,9.466917703647388,16.973027002076147,12.424511126935801,1.7918060797927995,1.3124135559083734
VTC_50407,10.521990792676522,21.38975954044714,14.744076998340086,2.023069249382194,1.4012630583750563
VTC_50410,10.722699099918401,21.721963813462587,14.864420855172053,2.01511970508757,1.3862573888028966
VTC_50624,11.733915907064162,23.963603644368874,16.455690048659584,2.032057861170191,1.4024039526951761
VTC_50640,7.220732737453652,15.625420665483482,11.337541733123679,2.155434202094871,1.5701372901279538
VTC_50651,8.498636182020075,19.4344562823369,14.447587085350996,2.277025225127173,1.6999888895016673
VTC_50652,8.72567460145601,19.664969823155854,14.89450103721713,2.25878223846777,1.7069741558700526
VTC_50688,13.670149699860547,27.33917021158732,19.634933222888414,2.0105203896802433,1.4363363718751898
VTC_50790,6.814748034201201,16.021883403028454,12.114114483043457,2.336305437386636,1.777632044830756
VTC_50907,13.11555782873687,24.998959519405382,17.79080487623925,1.9039139366798545,1.3564657415682824
VTC_50927,7.23096930922512,15.683218038041234,11.138912529231114,2.1647670468171545,1.540445278203618
VTC_50947,14.70285619224222,29.271537898600258,20.439955715764267,1.991409180348132,1.3902030631673563
VTC_51056,12.733129147533484,27.19015453084027,19.655454175103298,2.1307171606563395,1.5436468088373019
VTC_51061,11.519872194568176,25.18637833469657,18.668504529963922,2.1833486403874853,1.6205478858321407
VTC_51134,9.442029249998345,19.685701598802392,14.421477088856902,2.0904881333144654,1.5273705161270739
VTC_51151,10.817763442461436,24.083317502214186,17.851779648593585,2.217767534457334,1.6502283252490548
VTC_51272,10.513202173828978,22.41794659037611,15.06301293113217,2.1200863745105587,1.4327711654427473
VTC_51290,10.287692006725957,22.091605423111172,15.01706390102593,2.1482251953871523,1.459711652643564
VTC_51305,7.137147630859818,17.426273925011596,12.923009891541401,2.426867393644108,1.8106687096767473
VTC_51336,7.148436482718332,17.427568327009578,12.954033927785737,2.4301850305315775,1.8121492663609307
VTC_51493,7.949395058325147,17.088660713792695,13.044779883166074,2.1483595736254757,1.64097768288729
VTC_51507,5.643557057353732,14.017744785598351,10.898380484596437,2.465433497752883,1.931119039612704
VTC_51553,12.736205130786468,27.102380973128845,19.85950890787212,2.127639294214435,1.55929562251372
VTC_51560,10.761744657541948,22.32038738950265,15.73540584067015,2.0640421007567644,1.4621612332757408
VTC_51818,10.679615359285636,22.28697789402115,16.520783959232123,2.0851101274661197,1.5469455971434167
VTC_51843,10.613380484197068,21.895949686836644,15.036989364889376,2.0517634308446597,1.4167954675024512
VTC_51888,8.293912752861733,16.846546153055314,12.020716507275443,2.026865134445969,1.4493420494600469
VTC_54824,0.37532689753934334,0.9075469866608629,0.646336566302413,2.346854140596896,1.7220630083796786
VTC_54826,7.187524914193193,15.604047796835196,11.199838417415574,2.1703281839942754,1.5582329871718805
VTC_58051,10.042742978773601,18.010658806156833,12.399115524134888,1.7853859408480983,1.2346343574003367
VTC_58202,10.460346031168571,21.059925546985944,14.478567560267326,1.9988153957512838,1.384138489981661
VTC_58268,4.081872263848082,11.298364944062858,8.841718073943358,2.7275624418840128,2.1660937683552235
VTC_59042,1.7071858276205987,5.547186144453975,4.1973301870207465,3.1965340398599826,2.4586252528061356
VTC_59803,11.56826844367637,21.049382324901117,14.556885632986056,1.8225394110803752,1.2583461132373162
VTC_60158,13.506209911251695,23.269199822416947,18.199033450841576,1.7269990146513183,1.3474567306761909
VTC_60159,13.50101700437138,23.322870840609873,17.91677095148251,1.7276273272116767,1.32706824572411
VTC_60160,13.527672774907774,23.394724393987843,18.08179991904063,1.7274869587221315,1.3366526689335818
VTC_60164,13.030791043717288,22.553556919910303,17.53425604061489,1.729608400229128,1.345601812030354
VTC_60302,10.557224850184665,21.596423267802194,14.868789717935368,2.0270786440665405,1.4083994543012206
VTC_60351,10.227163324516324,20.877090684113117,14.159010791117074,2.046039239779033,1.384451420383149
VTC_60637,6.817692404100506,16.088226119364165,12.40233497858728,2.3468471569024536,1.8191397093726152
VTC_60993,10.197596167753847,20.655909074298613,14.743066917902691,2.0132325220998926,1.4457394346054049
VTC_61337,2.2040593008890093,4.039091745016162,2.9790613963378383,1.842714438964551,1.351624883748015
VTC_61701,15.486713151529566,31.10903520651149,22.73071555387419,2.0091215423207314,1.4677559616082358
VTC_61702,15.479003931148757,31.23497575576793,22.459873108724423,2.01127806523189,1.4509895603507086
VTC_61804,16.01084245465473,30.92647104662446,21.63187561660253,1.9391146538720623,1.3510766643209107
XHT_52390,9.625736622429114,23.094597751753298,17.335970809663092,2.3763893520766484,1.8010019897353322
XHT_52499,10.09296404458937,19.267577383230485,15.547098993845115,1.9042568096388286,1.5403898126615831
XHT_55096,7.589212208135559,11.184092176639968,8.256547600248064,1.4735628736536779,1.0879321033344052
XHT_55164,22.11906553273133,24.019314380132354,18.621162155514185,1.0864615581376866,0.8418602552607378
XHT_55714,13.287845491897144,24.27723345623908,18.338492057227665,1.821785043845382,1.3800952207346464
XHT_56220,28.334589689978237,34.9547885051454,29.370225417068326,1.2325098414492086,1.0365502284812116
XHT_56258,28.922997112775853,36.88750520234574,31.312483293863867,1.2749586505883346,1.0826154416767733
XHT_56394,11.967962513298476,19.48754969768129,16.239669749211018,1.6271429052654256,1.3569285274052234
XHT_56596,18.02518997917908,20.145546814200998,16.50235243161472,1.1178369975490154,0.9155161443888586
XHT_57518,22.506424936706082,24.728461560361524,20.61927442507657,1.0986460058267462,0.9161505873573137
XHT_58253,16.204382936702256,20.687963511592315,16.125528335397462,1.275237791549646,0.9951337485905624
XHT_58579,28.225871388387,34.82285596388771,29.431189297221064,1.2337212015433088,1.0427025933849459
XHT_59073,22.195761276058693,26.502435360558092,20.95510130259313,1.1940045136171873,0.9441037431410927
XHT_59227,24.11073686424002,29.27620229847324,22.88348883421427,1.2140223116226374,0.9490995220537639
XHT_59236,13.69941854964547,24.222824889800545,18.934161987367656,1.766029486454912,1.3821142787010954
XHT_59781,8.927609468802725,16.92168923632954,14.039628821054153,1.8956036807019332,1.5726078599333038
XHT_59852,28.324619952817187,32.247320614578044,26.56729535733645,1.137893211359091,0.9379576990473989
XHT_59868,5.214807584566252,12.377504119162957,9.90500385365564,2.380197476763973,1.8993996792845236
XHT_59889,17.393635598853205,28.89377363580691,21.813875115814767,1.660747558756488,1.2541297069172241
XHT_60158,29.46862963026004,41.00792972914442,32.740049218575635,1.3926441873559787,1.1110136314230343
XHT_60419,15.769886561463009,28.123819511831158,21.70022651621489,1.7793555544905033,1.3760546996732301
XHT_60483,15.864443345242773,20.31705502021532,15.884398321624145,1.280339978282418,1.0012578428342622
XHT_61597,16.067301674639914,28.812820564037516,22.110046397068125,1.794678516364373,1.3760895789966945
XHT_61629,27.22506489391131,37.75216043330699,31.524605982656446,1.3865065565902763,1.1579258343551901
XHT_61649,6.168241105971551,9.12988590553249,6.730220194814534,1.4861887141708128,1.0911084828216142
XHT_61652,6.07633803500492,8.949093292701223,6.395659046613818,1.4771695551904875,1.0525515548623752
XHT_61656,6.068461997895449,9.301342996860704,6.8028877902212574,1.53222913685037,1.1210233816378035
XHT_61693,15.688169027915176,19.777832794051026,15.488096906927641,1.25650058650532,0.9872469425443128
XHT_61704,15.243332950248593,24.205357076196933,19.085369925414234,1.5833081326707668,1.2520470416611207
XNE_52751,22.941345082622618,27.599177100685257,21.921145756489178,1.203040920268973,0.9555300998063008
XNE_53035,4.260358721894656,4.925729382601118,3.9507293826011187,1.1561771447289209,0.9273231764024228
XNE_53239,10.460583805335908,11.520744778433029,9.167967000655263,1.1013481649615326,0.8764297644629275
XNE_53357,4.510362262439728,5.241667749319185,4.2111121937636335,1.1621389689625243,0.9336527641763689
XNE_53440,3.7486423641361424,3.9966382621008107,3.135527150989701,1.0661561903950307,0.8364433964114015
XNE_53730,3.947825009656133,4.621543748681635,3.7159881931260785,1.1706556742960055,0.9412747991709368
XNE_53783,3.460646198997636,3.718092747617247,2.9208705253950207,1.074392623173724,0.8440246004463099
XNE_53866,4.347854725109188,5.047856916830653,4.053412472386211,1.1609994436288085,0.9322787279385047
XNE_57603,15.369490309093711,21.655934143736513,16.62033600937426,1.4025970815643805,1.0813849825286956
XNE_57777,17.38073249165895,20.73186582557597,16.220463381290443,1.1901216133092534,0.9332439463684674
XNE_58363,15.735142901545206,20.23362881459569,16.70862881459567,1.2858878334437451,1.0618669890157062
XNE_58430,12.697719994287942,15.951222673307546,13.10122267330755,1.256227313287991,1.031777569453502
XNE_58431,11.4352188077551,14.640795693845417,12.071351249400978,1.2803249277500812,1.055629232141537
XNE_58434,12.67271829160754,15.937825612704147,13.093381168259707,1.2576485364832037,1.0331943681673055
XNE_58439,12.560234225593295,15.73450021321485,12.915055768770397,1.252723470805467,1.0282495960508524
XNE_58441,16.75663678364972,20.12527739319251,16.0585102991528,1.2002609191870173,0.9583373147302376
XNE_58592,14.859554231439018,20.731499542004308,15.65635826068309,1.3860181224640278,1.053622337307955
XNE_58960,17.67305509212949,20.26002083540804,16.304465279852522,1.146379091209342,0.9225606548985151
XNE_59423,16.986633154166025,23.819261477573168,18.02176323094317,1.396844621282358,1.0609379190910044
XNE_59557,12.359399984905489,18.68436803212469,15.909368032124684,1.5117536494444612,1.2872281867691606
XNE_59616,11.423431700659837,12.583142901932607,10.09466473036325,1.0986371831995327,0.8836805782084
XNE_59659,14.116738613157832,17.99216028051657,14.263756988138843,1.2699213367694577,1.0104144717140247
XNE_59709,14.249005475579317,17.609910016671478,13.618487319306313,1.2347479953542322,0.9557500235820936
XNE_60390,4.460395512236262,5.125244285982273,4.105799841537831,1.1490560135131789,0.920501294173204
XNE_61060,14.418862498080914,20.144979587926002,15.336906532753,1.3919985512533715,1.063669657352948
XNE_61061,14.905080284790447,20.81161327620656,16.135840963466087,1.3914565924586195,1.0825732337672507
XNE_61306,4.285351894906509,4.981091485878616,4.000535930323054,1.1623529661120828,0.9335373216556657
XNE_61652,17.020440953272576,23.019484278258222,17.024508512260923,1.3490892902013387,1.0002389808230887
XNE_61802,20.877181672347614,26.14008772938242,21.206754396049067,1.2520889140896667,1.0157862650655562
XNE_61889,8.010509673321783,8.886472942226778,7.078139608893441,1.1093517522140077,0.8836066489584914
XNE_61890,7.410510500783344,8.207344289318474,6.532344289318483,1.107527516282569,0.8814972043596683
XNE_61891,7.4855592527689625,8.175733378894561,6.484066712227894,1.0922007431669583,0.8662100576960086
XNE_61911,8.435555372270438,9.256377797765536,7.353600019987763,1.0973050841671108,0.8717386935969498
XNE_61922,8.24801480608888,9.186979195812182,7.325868084701075,1.113841258993635,0.8881977369018477
XWV_54127,12.702614434366893,25.753545846681924,19.60503931794817,2.0188338584517878,1.543386160325136
XWV_54441,3.00674405687508,4.651759031369025,3.268858895488748,1.5413487423404013,1.0871756403789437
XWV_60255,8.348345096576349,14.258344391697948,9.806096974214732,1.700378422383928,1.1746156706238948
XWV_60691,6.411353892487639,10.878869125710608,7.312951996510123,1.681368585608044,1.1406252281719953
XWV_60887,13.141208566266753,24.608807644079352,21.2535668141533,1.8698241964903597,1.6173220831994726
